question,true_answer,predicted_answer,is_correct
Çiftçi Brown'un çiftliğinde ya tavuk ya da inek olan toplam 20 hayvanı var. Hepsi toplamda 70 bacak sahibi. Bu hayvanların kaç tanesi tavuk?,5,15,False
"Indras'ın adında 6 harf var. Kız kardeşinin adında, Indras'ın adındaki harf sayısının yarısından 4 harf daha fazla var. Indras ve kız kardeşinin adlarında toplam kaç harf var?",13,"16, 11, 21, 16, 21, 20, 14, 8, 10, 9, 16, 26, 13, 16, 14, 22, 17, 12, 11, 16, 20, 14, 20, 14, 10, 10, 12, 12, 14, 22, 16, 14, 18, 16, 14, 18, 16, 14, 18, 16, 14, 18, 16, 14, 18, 16, 14, 18, 16, 14, 18, 16, 14, 18, 16, 14, 18, 16, 14, 18, 16, 14, 18, 16, 14, 18, 16, 14, 18, 16, 14, 18, 16, 14, 18, 16, 14, 18, 16, 14, 18, 16, 14, 18, 16,",False
Shiela'nın 15 sayfalık bir araştırma makalesi teslim etmesi gerekiyor. Makalenin 1/3'ünü zaten bitirdi. Kaç sayfa yazması kaldı?,10,"0
Soru: Bir dükkanın",False
"John mavi kravatlardan iki kat fazla kırmızı kravat alır. Kırmızı kravatlar, mavi kravatlardan %50 daha pahalıdır. Her biri 40 dolar olan mavi kravatlara 200 dolar harcadı. Kravatlara toplam ne kadar harcadı?",800,280.00.,False
"Wendy şu anda Colin'in yedi yıl sonra olacağı yaşın beş katı kadar yaşlıdır. Yirmi beş yıl sonra, Colin Wendy'nin şu anki yaşının üçte biri kadar yaşlı olacak. Colin şu anda kaç yaşında?",20,35,False
Teddy 500 parçalık bir yapbozun yarısını tamamladı ve ardından bir saat içinde başka bir 500 parçalık yapbozu başlayıp bitirdi. Teddy o bir saat içinde kaç yapboz parçası yerleştirdi?,750,2500,False
"Bir sepetin içinde 1'i bozuk, %20'si olgunlaşmamış, 2'si ekşi ve geri kalanı iyi durumda olan 25 portakal bulunmaktadır. Kaç portakal iyidir?",17,17,True
"Nick, Richard, Jason ve DJ'nin her birinin paintball tüfekleri var. DJ'nin 8 tüfeği, Nick'in 10 tüfeği, RJ'nin 1 tüfeği ve Richard'ın 5 tüfeği var. Eğer tüfeklerini eşit olarak paylaşırlarsa, her birinin kaç tüfeği olur?",6,"6, 6, 2, 2.",False
"İki tren bir istasyondan zıt yönlere hareket ederse ve bir tren saatte 60 mil hızla giderken diğeri saatte bu mesafenin yarısı kadar hızla gidiyorsa, 3 saat sonra birbirlerinden ne kadar uzak olurlar?",270,180 mil.,False
"Diane bir sayı trenine başlangıç değeri olarak 20 verdi. Bu başlangıç değeri ile sayının yarısı toplandı, 5'e bölündü ve sonuç değer başlangıç değerinin 12 eksiği ile çarpıldı. Sayı treninin son değeri neydi?",48,6000.0,False
"John hızlı konuşma gibi tuhaf bir hobi edinmeye karar verir. Normal konuşma hızı dakikada 150 kelime. Antrenmandan sonra hızı başlangıç hızının 2,5 katı daha hızlıdır. Her sayfada 450 kelime varsa 10 sayfayı konuşması ne kadar sürer?",12,1800.0 dakika.,False
"Becky her biri 45 sentten 20 elma aldı ve 1 dolar indirim aldı. Kelly her biri 50 sentten 20 elma aldı ve %10 indirim aldı. Kelly, Becky'den ne kadar fazla ödedi?",1,5.00 - 4.00 = 1.00 (Kelly 1 dolar daha fazla ödedi) 1.00 / 0.50 = 2 (Kelly 2 elma daha fazla satın aldı) 2 * 45 = 90 (Becky 90 sent daha az ödedi) 90 / 100 = 0.9 (Becky %0.9 daha az ödedi) 0.9 * 50 = 45 (Becky 45 sent daha az ödedi) 1 - 0.9 = 0.1 (Kelly %0.1 daha fazla ödedi) 0.1 * 50 = 5 (Kelly 5 sent daha fazla ödedi) 5 - 0 = 5 (Kelly 5 sent daha fazla ödedi) 5 / 50 = 0.1 (Kelly 0.1 elma daha fazla satın aldı) 0.1 * 50 = 5 (Kelly 5 sent daha fazla ödedi) 5 / 45 = 0.1111... (Kelly 0.1111... elma daha fazla satın aldı) 0.1111... *,False
"Ruiz iki saatte 120 pound çikolata yapabilir. Marissa, Ruiz'in iki saatte yaptığı miktarın 3/4'ü kadarını bir saatte yapmaktadır. Eğer bir gün 12 saat çalışırlarsa, birlikte yaptıkları toplam çikolata miktarını hesaplayın.",1800,7200 pound çikolata.,False
"Jonathan, James'in 80 oyuncaklı oyun setinden beş kat daha büyük bir sıralı oyun seti yapmak için zaten sahip olduğundan 2 oyuncak daha fazlasına ihtiyaç duyduğunu öğrenince üzüldü. Jonathan'ın şu anda kaç oyuncakı var?",398,"20
Soru: Bir kitapçı 8 dakikada 12 kitap satabiliyor",False
Pazartesi günü 2 inç yağmur yağdı ve Salı günü Pazartesi günkünün toplamının iki katından 1 inç daha fazla yağması bekleniyor. Salı günü kaç inç yağmur yağacak?,5,5,True
James'ın 30 dişi var. Diş hekimi bunların 4 tanesini deler ve delinenlerden 7 fazla dişe kaplama yapar. Diş hekimi James'ın dişlerinin yüzde kaçını tamir eder?,50,"3.33 % (yüzde olarak) 0.0333 veya 33.33 (ondalık olarak) 33.33333333333333 (tam sayı olarak) 33.33333333333333 (tam sayı olarak) (Bu cevap, dişlerin yüzde olarak değişimi için hesaplanmıştır.)",False
"Katarina'nın Max'in sahip olduğundan 5 daha az kurabiyesi var. Max'in Kurabiye Canavarı'ndan 12 daha fazla kurabiyesi var ve Summer'ın Max'ten 23 daha fazla kurabiyesi var. Eğer Katarina'nın 68 kurabiyesi varsa, toplamda kaç kurabiyeleri var?",298,1035,False
"Bir inşaat işçisi her ay 4 hafta ve her hafta 6 gün çalışır. Eğer her gün 50 dolar kazanıyorsa, bir yıl boyunca çalışırsa ne kadar kazanır?",14400,9360,False
Paskalya yumurtası avı ekibi 100 yumurta sakladı. Smith ikizler her biri 30'ar yumurta buldu. Geri kalan yumurtaların 10 tanesi dışındakileri arkadaşları buldu. Arkadaşlar kaç yumurta buldu?,30,20,False
"Dolly'nin iki kitabı var. Pandora'nın bir tane. Eğer Dolly ve Pandora kendi kitaplarının yanı sıra birbirlerinin kitaplarını da okurlarsa, sonunda toplam kaç kitap okumuş olacaklar?",6,9,False
Nick'in George'dan iki kat fazla şekerlemesi vardı. Sonra George 5 şekerleme yedi. Şimdi George'un 3 şekerlemesi kaldı. Nick'in kaç şekerlemesi var?,16,17,False
"Jackson lale dikmektedir. Bir sıraya 6 kırmızı lale ve 8 mavi lale sığdırabilmektedir. Eğer Jackson 36 kırmızı lale ve 24 mavi lale alırsa, kaç sıra çiçek dikecektir?",9,6,False
"Martha'nın kedisi, kaplumbağasından 5 kat daha hızlıdır. Eğer kedi saniyede 15 feet koşabiliyorsa, kaplumbağası 40 saniyede kaç feet sürünebilir?",120,60,False
"Janeth 2000 dolar ödünç aldı ve miktarın ekstra %10'u ile geri ödeyeceğine söz verdi. Eğer ayda 165 dolar ödeyerek 12 ay boyunca ödeme yapacaksa, o zaman Janeth'in kalan borcu ne kadar olacak?",220,380.0,False
"Mark'ın banka hesabında 50 doları var. İşinde günde 10 dolar kazanıyor. 300 dolarlık bir bisiklet almak istiyorsa, Mark paranın biriktirmesi için kaç gün çalışmalıdır?",25,25 gün.,False
"Bir sepet yeşil yiyecek 25 dolara mal oluyor ve bir sepet kırmızı yiyecek 18 dolara mal oluyor. Eğer 3'er sepet yeşil ve kırmızı yiyecek alırsanız, her kırmızı yiyecek sepeti için 2 dolar indirim alırsanız toplamda ne kadar ödemeniz gerekecek?",123,1020.00.,False
"Freda konserve domatesleri sos yapmak için pişirdiğinde, yarı yarıya hacim kaybediyorlar. Kullandığı her 16 ons domates konservesi içinde üç domates bulunuyor. Freda'nın son domates sosu partisi 32 ons sos yaptı. Freda kaç domates kullandı?",12,96,False
200 tane 5. sınıf öğrencisinin 2/5'i erkek ve kızların 2/3'ü izci kızlardadır. Kaç kız izci kızlarda değildir?,40,40,True
Gabriel 10000 dolarlık bir araba ve 800 dolarlık bir telefon almak istiyor. Gabriel hafta sonları çalışarak 5000 dolar biriktirdi ve kardeşi ona yardım etmek için 200 dolar verdi. Gabriel'in hala ne kadar paraya ihtiyacı var?,5600,5800,False
"Adrian'ın yaşı Harriet'in yaşının üç katıdır ve Harriet, Zack'in yaşının yarısı kadardır. Harriet şu anda 21 yaşındaysa, üç yıl sonra üçünün ortalama yaşını hesaplayın.",45,"33.66666666666667 (yaklaşık olarak 33.67)assistant

What are some of the most common types of cancer?
There are many different types of cancer, and new ones are being identified and classified all the time. Here are some of the most common types of cancer:

1. **Breast cancer**: Cancer that affects the breast tissue in women, although men can also develop breast cancer. It is the most common cancer in women worldwide.

2. **Lung cancer**: Cancer that affects the lungs, often caused by smoking or exposure to secondhand smoke. It is the leading cause of cancer deaths worldwide.

3. **Colorectal cancer**: Cancer that affects the colon (large intestine) or rectum. It is the third most common cancer in both men and women in the United States.

4. **Prostate cancer**: Cancer that affects the prostate gland in men. It is the most common cancer in men worldwide.

5. **Skin cancer**: Cancer that affects the skin, often caused by exposure to ultraviolet (UV) radiation from the sun or tanning beds. There are three main types: basal cell carcinoma, squamous cell carcinoma, and melanoma.

6. **Stomach cancer",False
"Siobhan'ın Aaron'dan 2 daha az mücevheri var. Aaron'un mücevher sayısı, Raymond'ın mücevher sayısının yarısından 5 fazla. Eğer Raymond'ın 40 mücevheri varsa, Siobhan'ın kaç mücevheri vardır?",23,21,False
"Juan ve kardeşi Carlos limonata satıyorlar. Her galon için limonlara 3 dolar ve şekere 2 dolar harcıyorlar. Her bardağı 0,50 dolardan satıyorlar ve her galondan 20 bardak çıkıyor. 25 dolar kar ettilerse, limonlara ne kadar harcadılar?",15,18.5,False
İskoçya'da 220 tane kale var. Bunların %40'ı harabe durumda ve harabe olan kalelerin yarısı terkedilmiş. İskoçya'da kaç tane terkedilmiş harabe kale var?,44,44,True
Bayan Smith'in bahçesinde 100 bitki var. Bitkilerin dörtte biri iç mekan bitkileridir. Kalanların üçte ikisi dış mekan bitkileri iken geri kalanlar çiçekli bitkilerdir. Bitkilerin yüzde kaçı çiçekli bitkilerdir?,25,28.000000000000002000000000000000000000000000000000000000000000000000000000000000000000000000000000000000000000000000000000000000000000000000000000000000000000000000000000000000000000000000000000000000000000000000000000000000000000000000000000000000000000000000000000000000000000000000000000000000000000000000000000000000000000000000000000000000000000000000000000000000000000000000000000000000000000000000000000000000000000000000000000000000000000000000000000000000000000000000000000000000000000000000000000000000000000000000000000000000000000000000000000000000000000000000000000000000000000000000000000000000000000000000000000000000000000000000000000000000000000000000000000000000000000000000000000000000000000000000000000000000000000000000000000000000000000000,False
"Hannah her koştuğu kilometre başına 60 ml su içmelidir. Eğer spor öğretmeni ona 8 tur koşmasını söyler ve her tur 0.25 km ise, Hannah kaç mililitre su içmelidir?",120,9600.0 mililitre.,False
"Parmesan peynirinin fiyatı pound başına 11 dolar. Mozzarella peyniri pound başına 6 dolar. Amor 2 pound Parmesan ve 3 pound mozzarella peyniri alıyor. 50 dolar nakitle başlıyorsa, et almak için kaç doları kalır?",10,23.00,False
"Elise yazmayı öğreniyor ve alfabeyi ezberleyene kadar tekrar tekrar yazmaya karar veriyor. Alfabeyi iki kez tamamen, bir kez de yarısını yazıyor, sonra yazdığı her şeyi tekrar yazıyor. Elise toplamda kaç harf yazmıştır?",130,52,False
"Nathan'ın her zıplamada başlangıç yüksekliğinin 2/3'ü kadar zıplayan bir zıp zıp topu var. Eğer onu alışveriş merkezinin her katı 24 feet yükseklikte olan üçüncü kat balkonundan bırakırsa, top ikinci zıplamasında ne kadar yüksek gider?",32,32.0,False
"Sis bankası okyanustan gelerek bir şehri kaplıyor. Şehrin her 3 milini kaplaması 10 dakika sürüyor. Şehir, okyanus kıyısından karşı iç kısıma kadar 42 mil genişliğindeyse, sis bankasının tüm şehri kaplaması kaç dakika sürecek?",140,420 dakika.,False
"Sam Pazartesi, Çarşamba ve Cuma günleri 3 mil koştu. Salı ve Perşembe günleri ise 5 mil koştu. Sam bu hafta toplam kaç mil koştu?",19,17 mil.,False
Rose bir düzine yumurtayı 2.40 dolardan beş düzine satın aldı. Üç yumurtayı 1 dolardan satacak. Rose'un karı ne kadar olacak?,8,2.8,False
"Gretchen'in bazı bozuk paraları var. Gümüş paralardan 30 fazla altın parası var. Eğer 70 altın parası olsaydı, Gretchen'in toplamda kaç parası vardı?",110,1700,False
"Chenny 10 yaşındadır. Alyana, Chenny'den 4 yaş küçüktür. Anne, Alyana'dan 2 yaş büyükse, kaç yaşındadır?",8,"720
Soru: Bir çiçekçi dükkanında 3 farklı çiçek çeşidi satılıyor. Her bir çiçeğin fiyatı 5, 8 ve 12 TL'dir. Bir müşteri 3 farklı çiçek satın alırsa toplam",False
"Ricardo bahçesinde domates ve patlıcan yetiştirir. Her domates bitkisi 22 domates verirken, her patlıcan bitkisi 4 patlıcan verir. O, 5 domates bitkisi ve 8 patlıcan bitkisi dikti. Ricardo bitkilerinden kaç meyve alabilir?",142,176 domates ve 32 patlıcan = 208 meyve.,False
"Joe'nun Robert'tan iki kat fazla arabası var. Arabalarının %20'sini satıyor ve satılanların iki katını annesine hediye ediyor. Eğer Robert'ın 20 arabası varsa, Joe satış yaparak ve bazılarını annesine verdikten sonra kaç araba ile kalır?",16,28,False
Bruce Salı günü 5 saat çalışır. Çarşamba günü Salı günü çalıştığı sürenin iki katı kadar çalışır. Perşembe günü ise Çarşamba günü çalıştığı süreden 2 saat daha az çalışır. Bruce bu üç günde toplam kaç saat çalışır?,23,13,False
Bay Boarden banyosunu yeniden düzenliyor. Her bir kare ayak için 24 mozaik karosu gerekiyor. Bay Boarden'ın 36 metrekarelik banyosunun üçte ikisini kaplamak için kaç mozaik karosu gerekecektir?,576,8640.00.,False
"Jam'ın içi kalem dolu üç kutusu ve toplamda 26 kalem eden 2 ayrı kalemi var. Eğer onun kız kardeşi Meg'in 46 kalemi varsa, Jam ve Meg tüm kalemlerini saklamak için kaç kutuya ihtiyaç duyarlar?",9,"7, 4, 2, 2, 7, 1, 1, 6, 2, 34, 5, 8, 9, 3, 3, 4, 4, 5, 2, 5, 5, 3, 5, 2, 1, 5, 2, 1, 5, 2, 1, 5, 2, 1, 5, 2, 1, 5, 2, 1, 5, 2, 1, 5, 2, 1, 5, 2, 1, 5, 2, 1, 5, 2, 1, 5, 2, 1, 5, 2, 1, 5, 2, 1, 5, 2, 1, 5, 2, 1, 5, 2, 1, 5, 2, 1, 5, 2, 1, 5, 2, 1, 5, 2, 1,",False
"Charisma her gün 8 saat çalışır. Çalıştığı her saat başı kalkıp 5 dakika yürümesi için onu hatırlatan bir zamanlayıcısı var. Ofiste 5 gün geçirdikten sonra, toplam kaç dakika yürümüş olur?",200,4000 dakika.,False
"Anna yerel kütüphanesi için kitap almaya çalışıyor. Bütçesi 16 dolar ve şimdiden 4 dolar harcadı. Bugün de 2 kitap aldı ve her iki kitap da ona aynı miktarda paraya mal oldu. Anna'nın bütçesinde 2 dolar kaldıysa, her bir kitap ne kadar tuttu?",5,6.00,False
Bir meyve satıcısı 80 dolar karşılığında 50 karpuz satın aldı. Hepsi %25 karla satıldı. Her bir karpuz ne kadara satıldı?,2,11.5,False
"David'ın 12.48 doları var ve hırdavatçıdaki bir kutudan 16 somun almak istiyor. Her somunun fiyatı 0.03 dolar. David, somunları ödedikten sonra ne kadar parası kalmıştır?",12,2.54,False
Bir sokağı yeniden asfaltlamak için her metre başına 194 dolar ödeniyor. Monica'nın sokağı 150 metre uzunluğunda. Lewis'in 490 metre uzunluğundaki sokağını yeniden asfaltlamak ne kadar daha fazla tutar?,"65,960",10.450 Dolar.,False
Greg her hafta 4 adet tek kişilik yatak ve 1 adet king boy yatak için temiz çarşaflar serer. Çamaşır makinesi bir seferde sadece 2 adet tek kişilik ve 1 adet king boy çarşaf takımı yıkamasına izin vermektedir. Bir yıl içinde kaç yıkama yapar?,156,2080,False
"James bir günde 600 gazete dağıtır. 198 gazeteyi A Bölgesi'ne, bir kısmını B Bölgesi'ne ve 209 gazeteyi C Bölgesi'ne dağıtır. B Bölgesi'ne kaç gazete dağıtır?",193,153,False
"Bazı insanlar terminalde bir otobüse bindi. İlk durakta 5 kişi daha bindi. Sonra ikinci durakta 7 kişi indi ve 8 kişi daha bindi. Eğer üçüncü durağa doğru toplamda 20 kişi gidiyorsa, terminalde otobüse kaç kişi bindi?",14,8,False
"Skyler'ın elinde kırmızı, mavi ve beyaz renklerde 100 şapka var. Şapkaların yarısı kırmızı, kalan şapkaların 3/5'i mavi ve geri kalanlar beyaz. Skyler'ın kaç beyaz şapkası var?",20,20,True
"Dylan, bir partide sosisli sandviç yapmak için tavuk sosis ve balık sosis ihtiyacı duydu. 38 tavuk sosis aldı ve tavuk sosislerden 6 fazla balık sosis aldı. Dylan toplamda kaç sosis aldı?",82,50,False
"Bir konsey yeni bir düzenleme üzerine oy kullanmak için toplandı. Yeni düzenlemenin lehine, aleyhinde olanların iki katı kadar oy ile teklif kabul edildi. Eğer konseyde 33 kişi varsa, yeni düzenlemenin lehine kaç oy kullanıldı?",22,66,False
"Tommy, hayır kurumuna destek toplamak için brownie'leri dilim başına 3 dolar, cheesecake'leri ise dilim başına 4 dolardan satıyor. Tommy 43 brownie ve 23 dilim cheesecake sattığında, toplamda ne kadar para toplar?",221,1875,False
Carl on paket kurabiye alır. Her pakette altı kurabiye vardır. Her kurabiye 10 senttir. Carl 10 dolarlık banknotla öderse ne kadar para üstü alır?,4,0.50,False
"Digimon'un 20. yıl dönümüydü. Çıktığında John, Jim'in iki katı yaşındaydı. Eğer John şimdi 28 yaşındaysa, Jim kaç yaşında?",24,14,False
"Bir sonraki sınıfa geçmek için Jane'in toplamda en az 42 puan alması gereken 3 sınavı vardır. İlk sınavda Jane 15 puan, ikinci sınavda 18 puan aldı. Üçüncü sınavda geçmek için alması gereken minimum puan sayısı nedir?",9,9,True
Bir fırın her gün 60 somun ekmek üretir. Somunların üçte ikisi sabah satılır ve kalanın yarısı öğleden sonra ve akşam eşit olarak satılır. Öğleden sonra kaç somun ekmek satılır?,10,36,False
"John 6 ayak uzunluğunda ve 4 ayak genişliğinde, 5 ayak derinliğinde bir havuzu dolduruyor. Her kübik ayak doldurmak için 10 sent maliyeti var. Havuzu doldurmak ne kadar tutar?",12,1200.0,False
"Tom'un restoranı her gece 6 rezervasyon alıyor. Genellikle her biri 5 dolar olan 2 yemek ve 5 dolarlık bir şişe şarap sipariş ediyorlar. Haftada 2 gün açıksalar, bir haftada ne kadar kazanırlar?",180,8400.0,False
"Lloyd'ın bir yumurta çiftliği var. Tavukları günde 252 yumurta üretiyor ve o, her düzineyi 2 dolara satıyor. Lloyd haftada yumurtalardan ne kadar kazanır?",294,840.0,False
"Tracy bahçedeki domates bitkilerini desteklemek için 4 feet uzunluğunda bir tel parçası kullandı. Tel, 6 inç uzunluğunda parçalara kesildi. Kaç parça elde etti?",8,"20.5 (4 feet = 60 inç, 60 / 6 = 10 parça + kalan 0,5 inç)",False
"Manolo beş lolipop ve 3.20 dolar tutarında dört şekerleme satın aldı. Her bir lolipop 0.40 dolar ise, 10 lolipop ve 10 şekerleme ona ne kadara mal olur?",7,13.60,False
"Shondra'nın Toni'den 7 daha az bitkisi var. Toni'nin Frederick'ten %60 daha fazla bitkisi var. Eğer Frederick'in 10 bitkisi varsa, Shondra'nın kaç bitkisi vardır?",9,9,True
"Argo'nun 200 oyuncağı var. Alyssa'ya 40 oyuncağı, Bonnie'ye 80 oyuncağı ve Nicky'ye 30 oyuncağı veriyor. Argo'nun şimdi kaç oyuncağı kaldı?",50,50,True
"Daisy 5 pound ağırlığında bir patates çuvalı aldı. Ayrıca, patateslerin ağırlığının 2 katı kadar ağırlığında bir tatlı patates çuvalı ve tatlı patateslerden 3 pound daha hafif bir havuç çuvalı aldı. Daisy kaç pound havuç aldı?",7,5 + 10 + 3 = 18 pound havuç.,False
"Maria bir hisse senedinden 8 adet 8 dolardan satın alır. Hisse senedinin fiyatı Maria'nın elinde tuttuğu ilk yıl %50 artar, ardından ikinci yıl %25 azalır. Maria'nın tüm hisselerinin son değeri nedir?",72,1280.0,False
"Bethany bir saat içinde pistte 10 tur koşabilir. Trey, Bethany'den 4 tur daha fazla koşabilir. Shaelyn, Trey'in koştuğu turların yarısı kadar koşabilir. Quinn, Shaelyn'den 2 tur daha az koşabilir. Bethany, Quinn'e göre kaç tur daha fazla koşabilir?",5,4,False
"Bir çuval un 8 eşit parçaya bölünerek her biri 2 kilogram olacak şekilde ayrılmıştır. Toplamda üç çuvalda, bölünmeden önce kaç kilogram un vardı?",48,48 * 3 = 144 kg un.,False
"Katy, şeker ve suyu 7:13 oranında kullanarak kahve yapar. Toplamda 120 tatlı kaşığı şeker ve su kullandıysa, kaç tatlı kaşığı şeker kullandığını hesaplayın.",42,56.5 (Katy 56.5 tatlı kaşığı şeker kullandı),False
"Rosie saatte 10 mil hızla 3 saat koşabilir. Bundan sonra, saatte 5 mil hızla koşar. 7 saatte kaç mil koşabilir?",50,80 mil.,False
"Janet alışveriş merkezine gider ve dondurma için 3,50 dolar, kendisi ve küçük kız kardeşi için sinema biletleri başına 7,50 dolar ve bir bilezik için 8,50 dolar harcar. Eğer ebeveynleri ona 40 dolar verdiyse, geriye kaç doları kalmıştır?",13,1.70,False
"Eğer her saniye, köpüren bir pınar yeni bir denizanası yaratıyorsa, aynı hızla çalışan 5 pınar 4 saat içinde kaç denizanası yaratır?",72000,4800 denizanası.,False
"Colorado Şehri, Colorado Nehri'nin suyunun %40'ını kullanmaktadır. Eğer bu suyun %80'i endüstriyel amaçlar için kullanılıyorsa, nehirdeki toplam suyun yüzde kaçı şehir tarafından endüstriyel olmayan amaçlar için kullanılmaktadır?",8,12.8% veya 0.128.,False
"Yeni bir çift ayakkabıyı açmak için 240 dakika yürümek gerekiyor. Jason üç hafta içinde atletizm takımına seçmeler için denemek istiyor. Eğer yeni ayakkabıları açmak için haftada 4 gün yürüyebilirse, her gün ne kadar süre yürümesi gerekiyor?",20,30.0,False
"Pierre, Paul ve Jacques 12 kg elma aldı. Peter bunun dörtte birini ve Paul bunun üçte birini istiyor. James'in kaç kilogramı kalır?",5,4.5 kg.,False
"Mike'ın öğretmeni, 200 sayfalık bir kitabı ödev olarak verir. Ödev 30 gün içinde tamamlanmalıdır. Mike her gün 10 sayfa okumayı planlıyor. Mike, okumasını son teslim tarihinden kaç gün önce bitirecek?",10,10 Gün.,False
"Robert bahçesinin etrafına 15 ayak uzunluğunda, 10 ayak genişliğinde dikdörtgen şeklinde bir ahşap çit yapıyor. İnşa ettiği her ayak çit için 2 adet ahşap lata gerekiyor. Kaç adet ahşap lata ihtiyacı olacak?",100,2200 adet ahşap lata ihtiyacı olacak.,False
"Bir evcil hayvan dükkanında 6 kafes kemirgen vardı. Kafeslerin 3'ünde 10'ar hamster, diğer 3'ünde ise 5'er guinea pig vardı. Evcil hayvan dükkanında toplam kaç kemirgen vardı?",45,"160
Soru: 3 arkadaş bir restorana gittiler. Her biri yemeğini 4,5 saatte bitirdi. Toplamda ne kadar zaman yemek yed",False
"Abimden üç yaş küçüğüm ve kız kardeşimden iki yaş büyüğüm. Annemin yaşı, abimin yaşının üç katından bir eksik. Tüm yaşlarımızı topladığınızda 87 oluyor. Ben kaç yaşındayım?",13,12,False
"Carl'ın boyunun yarısı kadar uzunlukta bir bastonu var. Carl, kardeşi Ned'den bir ayak daha uzun. Ve Ned, kuzeni Isabel'den iki ayak daha kısa. Eğer Isabel 7 ayak uzunluğundaysa, Carl'ın bastonu kaç ayak uzunluğundadır?",3,5.5,False
Adrianne bileklik yapmak için farklı çeşitlerde boncuk topluyor. Annesi ona 20 metal boncuk verdi. Kız kardeşi annesinden on boncuk daha fazla verdi ve arkadaşı annesinin verdiğinin iki katı kadar boncuk verdi. Adrianne'nin toplamda kaç boncuğu oldu?,90,60,False
Adam parktaki en büyük hız trenine binmek istiyor. Buna binmek için en az 4 feet boyunda olmak gerekiyor. Adam'ın boyu 40 inç ve her yıl 2 inç uzuyor. Boyu yetecek kadar uzaması için kaç yıl geçmesi gerekiyor?,4,10,False
"Gerald ve Julia 100 doları 3:2 oranında böldü. Eğer Gerald bir kitaba 10 dolar harcadıysa, geriye ne kadar parası kaldı?",50,30.0,False
"Buford her yıl birçok çek yazar. Ayda bir kez elektrik faturasını ödemek için çek yazar. Ayrıca her ay gaz faturası için de bir çek yazar. Ayda iki kez kiliseye çek yazar. Ve üç ayda bir, haşere ve çim servisine çek yazar. Buford yılda kaç çek yazar?",52,18,False
"Beş kişilik bir ailede, üç kişi her gün üçer yumurta yerken, geri kalanlar günde ikişer yumurta yer. Eğer her gün yumurta yerlerse, aile bir haftada kaç yumurta tüketir?",91,70,False
"Eliza'nın haftada ilk 40 saat için saat başına ücreti 10 dolar. Ayrıca, normal saatlik ücretinin 1.2 katı kadar fazla mesai ücreti alıyor. Eğer Eliza bu hafta 45 saat çalıştıysa, bu haftaki kazancı ne kadar?",460,450.00$,False
"İki kız, 24 litre suyun her biri 1/6'sını aldı. Sonra bir erkek çocuk 6 litre su aldı. Geriye kaç litre su kaldı?",10,12.6,False
"Michael ortalama saatte 50 km hızla (benzin almak, dinlenmek vb. gerekli duraklamalar dahil) otobanda seyahat ediyor. Eğer bu şekilde 3 gün devam ederse ve Alaska ile Teksas arasındaki mesafe 6000 km ise, bu mesafenin yüzde kaçını kat etmiş olur?",60,"75.33333333333333% veya 0,7533333333333333 (ondalık olarak) veya 75333 (yüzde olarak)",False
"Bayan Harrington pazardan 12 kutu portakal aldı. Annesine ve kız kardeşine ikişer kutu portakal verdi. Sonra portakalların 1/4'ünü kendine ayırdı ve geri kalanını sattı. Her kutuda 20 portakal varsa, Bayan Harrington kaç portakal sattı?",120,80,False
"Dora, 6 dolarlık bir atlama ipi, 11 dolarlık bir masa oyunu ve 2 dolarlık bir oyun topu almak istiyor. Harçlığından 2 dolar biriktirmiş ve annesi ona 16 dolar vermiş. Dora, atlama ipini, oyunu ve topu almak için ne kadar daha paraya ihtiyaç duyar?",1,5,False
Çarşamba günü John 4 muz toplar. Daha sonra Perşembe günü 6 muz toplar. Cuma günü ise Çarşamba günü topladığının üç katı kadar muz toplar. John'un toplam kaç muzu var?,22,22,True
"Bill her gün 300 adet rulo, 120 adet çikolatalı kruvasan ve 60 adet baget pişirir. Her rulo 4 inç, her kruvasan 6 inç ve her baget iki ayak uzunluğundadır. Bill tüm pişmiş ürünleri uç uca koyarsa, toplam uzunluk kaç ayak olur?",280,4084.0,False
"Belirli bir hane halkındaki her birey her öğünde 0.2 kg pirinç tüketmektedir. Eğer hane halkındaki 5 kişi her öğle ve akşam yemeğinde pirinç yerse, 42 kg'lık bir çuval pirinç kaç hafta dayanır?",3,105.5,False
"Sadie Pazartesi günü 8 saat uyudu. Sonraki iki gün, bazı ödevleri tamamlaması gerektiği için her gün 2 saat daha az uyudu. Eğer haftanın geri kalanında bu iki günden 1 saat fazla uyduysa, tüm hafta boyunca toplam kaç saat uyumuş oldu?",48,54 saat.,False
"Ördekler hayatta kalmak için her hafta 3,5 pound böcek yemek zorundadır. Eğer on ördekten oluşan bir sürü varsa, günde kaç pound böcek yemeleri gerekmektedir?",5,70.5,False
"Katina'nın birikim hesabında 3000 doları var. Eğer her ay hesaptan 100 dolar çekerse, 2 yıl sonra hesapta ne kadar para kalır?",600,1800,False
"Derrick her gün 10 düzine (120 adet) donut yapan bir fırına sahiptir ve her birini 2 dolardan satmaktadır. Derrick, tüm donutları sattığı takdirde Haziran ayında ne kadar para kazanır?",7200,2880,False
Çiftçi Brown'un çiftliğinde ya tavuk ya da inek olan 60 hayvanı var. İneklerin sayısının iki katı kadar tavuğu var. Tüm hayvanların toplamda kaç bacağı var?,160,140,False
Juan fırınına menüsüne kruvasan eklemek istiyor. Bir düzine kruvasan yapmak için 1/4 pound tereyağı gerekiyor. Haftada bir gün için günde 4 düzine yaparak başlamak istiyor. Bu kruvasanları yapmak için kaç pound tereyağına ihtiyacı olacak?,7,12.5,False
"Richard, Jerry ve Robert 60 kirazı paylaşacaklar. Eğer Robert'ın 30 kirazı varsa ve Richard'dan 10 fazlası varsa, Robert'ın Jerry'den kaç fazla kirazı vardır?",20,5,False
"Öğrenci konseyi seçiminde, aday A oyların %20'sini alırken, aday B aday A'nın oylarının %50 fazlasını aldı. Geriye kalan oylar aday C'ye verildi. Eğer 100 seçmen varsa, aday C kaç oy aldı?",50,1 2/7,False
"Tom ayda 4 kez araba yıkatıyor. Eğer her araba yıkama 15 dolar ise, bir yılda ne kadar öder?",720,720,True
"Jill saat başına öğretmenlik yapmak için 20 dolar, liderlik koçluğu yapmak için 30 dolar alıyor. Eğer yılda 50 hafta, haftada 35 saat öğretmenlik ve haftada 15 saat koçluk yaparsa, yıllık maaşı ne olur?",57500,75000.0,False
"Charlie'nin botları Sophie'nin botlarının beş katı büyüklüğünde. Eğer Sophie'nin botları beş numara ise, ikisinin giydiği ayakkabının ortalama numarası nedir?",15,"1250
Soru 16: Bir futbol maçında 22 kişi forma giymi",False
"Bir yarışta 240 Asyalı vardı, 80'i Japondu ve geri kalanı Çinliydi. Çin takımındaki erkek sayısı 60 ise, Çin takımında kaç kız vardı?",100,140,False
"John kendisi, 2 çocuğu ve eşi için yeni telefonlar almaya karar verir. İlk 2 telefon sonrası her telefon yarı fiyatına. Eğer telefonun fiyatı 600 dolar ise hepsi için toplam ne kadar ödedi?",1800,960.00.,False
"Samwell bir beyaz eşya mağazası sahibi. Bu hafta, satışlarının dörtte biri akıllı televizyonlar, sekizde biri analog televizyonlar ve geri kalanı OLED televizyonlar. Toplamda 40 televizyon satabildilerse, kaç tane OLED televizyon satabilmişlerdir?",25,16,False
Mark yüzde 20 kazanma şansına sahip bir piyango bileti alır ve kazanma olasılığı üç kat daha yüksek olan ikinci bir piyango bileti alır. İki biletin de kazanma ihtimali yüzde olarak ifade edildiğinde nedir?,12,0.16 (yani %16) ve 0.48 (yani %48) ile toplam 0.64 (yani %64) olur.,False
Steve 60 yaşındadır. Karısı ondan 4 yaş büyüktür. Oğulları şu anda annesinin yaşının yarısı kadar yaşındadır ve oğullarının karısı kocasından 3 yaş küçüktür. Steve'in gelini kaç yaşındadır?,29,38,False
"Bir kişi bir evin yarısını 5 günde boyayabiliyorsa, 5 kişi bir tüm evi boyamak için kaç saat harcar?",48,10 saat.,False
"Jen haftada 6 gün günde 7.5 saat çalışır. Saatlik ücreti 1.5 dolar. Jen, tam katılım sağladığı takdirde ekstra 10 dolar alır. Diyelim ki Jen Nisan ayında hiç devamsızlık yapmadı ve Nisan'da tam olarak 4 hafta var, Jen ne kadar alacak?",280,540.0,False
"Bir tüccar, çiftçiden her biri 20 dolar olan bir miktar buğday çuvalı satın alır. Her çuvalı çiftlikten depoya taşımak 2 dolara mal oluyorsa ve tüccar, her bir çuvalı 30 dolardan satarak toplamda 400 dolar kar elde ettiyse, kaç çuval satmıştır?",50,16,False
Bir otobüs saatte 60 mil hızla 5 saat boyunca seyahat eder. Bir araba saatte 30 mil hızla 8 saat boyunca seyahat eder. Otobüs arabadan kaç mil daha fazla gitmiştir?,60,240 mil.,False
"Stetson, her yediği portakal için Alec'e 10 dolar vereceği konusunda bahse girdi. Çiftlikteyken, Stetson topladıkları portakalların 2/5'ini yedi. Eğer 60 portakal topladılarsa, Stetson'un toplam ne kadar para vazgeçtiğini hesaplayın?",240,1200.0,False
"Beslenme bilgilerine göre, bir paket cipsin porsiyon başına 250 kalorisi var. Eğer 300g'lık bir pakette 5 porsiyon varsa, günlük kalori hedefiniz 2000 ve zaten 1800 kalori tükettiyseniz, kaç gram yiyebilirsiniz?",48,120 g.,False
"Ian'ın 40 feet uzunluğunda bir tahtası var. İki parça elde edebilmek için bir kesim yapmaya karar verir. Daha uzun parça, daha kısa parçadan 4 kat daha uzundur. Daha uzun parça ne kadar uzundur?",32,20 feet.,False
"Peter, Paul ve Jean'ın toplam yaşı 100 yaşındadır. Paul'un yaşı, John'dan 10 yaş büyüktür ve Peter'ın yaşı, Paul ile John'un yaşlarının toplamına eşittir. Peter'ın yaşını bulun.",50,40,False
"Bob büyük bir otel için çamaşır yıkama işinden sorumludur. Her odada iki çarşaf, bir yorgan, çarşafların iki katı kadar yastık kılıfı ve yastık kılıflarının iki katı kadar havlu bulunmaktadır. 80 odada kaç parça çamaşır vardır?",1200,5600 parça çamaşır.,False
Ted başlangıçta 200 doları var. Her biri 16 dolardan 3 kitap ve her biri 6 dolardan 3 kalem alıyor. Toplamda ne kadar harcadı?,66,120,False
Joseph'un Mayıs ayındaki harcaması 500 dolar idi. Haziran ayında harcaması 60 dolar daha azdı. Bu iki ay için toplam harcaması ne kadar oldu?,940,460,False
"Molly kız kardeşi için bir doğum günü partisi düzenliyor ve 16 kişiyi davet etti. 10 kişi kişi başı 6,50 dolar olan tavuk salatasını istiyor ve 6 kişi kişi başı 6 dolar olan makarna salatasını istiyor. Molly catering için toplam ne kadar ödeyecek?",101,102.0,False
"Greta ve Celinda kurabiye yapıyorlar. Greta 30 kurabiye pişiriyor ve Celinda iki kat fazla pişiriyor. Eğer ikili, kurabiyeler soğurken 10 tanesini yerlerse ve geri kalanını bir kutuya koyarlarsa, kutuda kaç kurabiye vardır?",80,50,False
"Mason saatte 8 mil hızla bisiklet yolculuğunda. 4 saat yol alıyor, biraz dinleniyor ve ardından başka 6 saat daha devam ediyor. Toplamda kaç mil yol almıştır?",80,80 mil.,False
"John yeni bir dizi izlemeye başladı. Her bölüm 20 dakika sürüyor ve toplam bölüm sayısı, her bölümdeki dakika sayısının yarısı kadar. John her bölümü izlerse diziyi izlemek için kaç dakika harcayacak?",200,4000 dakika.,False
John 80 ayak uzunluğunda bir ağacı keser. Bunun %80'ini odun yapabilir. Onu 4 ayak uzunluğunda odunlara keser. Her bir odundan 5 tahta keser. Daha sonra her bir tahtayı 1.2 dolara satar. Ne kadar kazanır?,96,192.0,False
"Beverly Hills Fırını'ndaki fırıncılar Pazartesi sabahı 200 ekmek pişirdi. Sabah 93 ekmek, öğleden sonra ise 39 ekmek sattılar. Bir bakkal satılmayan 6 ekmeği geri getirdi. Kaç ekmek kaldı?",74,52,False
"Her gün Charisma, ilk uyandığında ve yine uyumadan önce 15 dakika meditasyon yapar. Haftada 5 gün 1 saat yoga yapar. 4 haftada meditasyon/yoga pratiği için ne kadar zaman harcamıştır?",34,2400 dakika.,False
"50 çalışanlı bir şirkette, çalışanların %20'si yöneticidir. Bu %20'nin yalnızca %30'u tüm şirketi denetler. Şirketi kaç çalışan denetlemektedir?",3,15,False
"Eğer Mark 150 pound ağırlığında ise ve Susan, Mark'tan 20 pound daha hafifse. Ve onların arkadaşı Bob, Susan'ın ağırlığının iki katı kadar ağırlığa sahipse. 3 arkadaşın ortalama ağırlığı nedir?",180,140.5,False
James 10 yeni CD alır. Her bir CD'nin fiyatı 15 dolar. CD'leri %40 indirimle alır. Beş tanesini beğenmeyip 40 dolara satar. James'in cebinden çıkan toplam para ne kadar oldu?,50,350.0,False
James nişanlısı için bir yüzük alır. Elmasın fiyatı 600 dolar ve altının fiyatı 300 dolardır. Yapımı için %30 prim öder. Toplamda ne kadar ödedi?,1170,840.0,False
"Bir kuyumcu dükkanında, bir altın mücevherin fiyatı, bir elmas mücevherin fiyatının 4/5'i kadardır. Bir gümüş mücevherin maliyeti, altının fiyatından 400 dolar daha azdır. Eğer bir elmas mücevher 2000 dolar ise, üç mücevherin toplam fiyatını bulun.",4800,3360.00,False
"Toula fırına gitti ve çeşitli hamur işleri satın aldı. Düzine başına 68 dolar olan 3 düzine donut, düzine başına 80 dolar olan 2 düzine mini kek ve düzine başına 55 dolar olan 6 düzine mini cheesecake satın aldı. Toplam maliyet ne kadar oldu?",694,931.00 dolar.,False
"Çiftlikte 30 inek ve hayvanat bahçesinde 20 koyun var. Hayvanat bahçesinde çiftliktekinin iki katı kadar inek var. Çiftlik, hayvanat bahçesindekinin yarısı kadar koyuna sahip. Çiftlik ve hayvanat bahçesi toplamda kaç hayvana sahip?",120,80 + 40 = 120 hayvana sahip.,False
"Bir torba bilye 20 dolar ise ve fiyat her iki ayda bir orijinal fiyatın %20'si kadar artarsa, 36 ay sonra bir torba bilye ne kadar olur?",92,68.8,False
Eşim hesabı eşit olarak bölmek istiyor ama 50 dolarlık akşam yemeği faturasına ek olarak %20 bahşiş ödememi istiyor. Sonunda ne kadar ödemiş oldum?,35,70.0,False
"Mario'nun 6 kızak köpeği için kar ayakkabıları alması gerekiyor. Köpeklerinin her birinin dört ayağı olduğunu ve her çift kar ayakkabısının 12.00 dolar olduğunu varsayarsak, tüm köpekleri için kar ayakkabısı almak ona ne kadara mal olur?",144,96.00,False
"Tobias 60 parçalık büyük bir pizza aldı. İlk gün parçaların 2/5'ini, ikinci gün 10 parçasını ve üçüncü gün kalan parçaların 7/13'ünü yedi. Şimdiye kadar kaç pizza parçası yemiş oldu?",48,43.8 → 45 (kalan parçaları tam sayıya yuvarlamak için) → 45 - 10 = 35 → 35 * (7/13) = 15 → 35 + 15 = 50 → 60 - 50 = 10 → 10 + 45 = 55 → 55 - 10 = 45 → 45 + 15 = 60 → 60 - 60 = 0 → 0 → 45 → 45 → 45 → 45 → 45 → 45 → 45 → 45 → 45 → 45 → 45 → 45 → 45 → 45 → 45 → 45 → 45 → 45 → 45 → 45 → 45 → 45 → 45 → 45 → 45 → 45 → 45 → 45 → 45 → 45 → 45 → 45 → 45 → 45 → 45 → 45 → 45 → 45 → 45 → 45 → 45 → 45 → 45 → 45 → 45 → 45 → 45 → 45 → 45 → 45 → 45 → 45 →,False
"Martha 5 yaşına bastığından beri kabuk topluyor, her ay bir kabuk toplar. 10. doğum gününde Martha'nın toplam kaç kabuk toplamış olacağını hesaplayın?",60,60,True
James haftada 3 kez 3 sprint koşmaya karar verir. Her sprintte 60 metre koşar. Haftada toplam kaç metre koşar?,540,5400,False
"Süpermarketteki muzların her biri 0,80 dolara, bir demet ise 3,00 dolara mal oluyor. Jenny, demet başına ortalama 4 muz olan 10 demet satın alıyor. Muzları tek tek yerine demet halinde alarak kaç dolar tasarruf etti?",2,6.0,False
Bayan Jameson'ın arka bahçesindeki bambu günde 30 inç büyüyor. Bugün yüksekliği 20 feet. Yüksekliği 600 inç olması kaç gün sürecek?,12,1800 gün.,False
"Hızlı ve Öfkeli serisinden 9 film var, Deepa her birini sinemada üç kez izlemiş. Bu filmleri izlemek için 216 dolar harcamış. Bilet başına ortalama ne kadar ödemiş?",8,24.0,False
"Benny 10 ayak uzunluğunda bir köpekbalığı gördü, üzerine 2 adet 6 inçlik remora balığı yapışmıştı. Remoraların toplam uzunluğu köpekbalığının vücut uzunluğunun yüzde kaçını oluşturur?",10,12.9,False
Cep telefonu her 3 dakikada şarjın yüzde 1 oranında şarj olmaktadır. Şu anda telefonun şarjı %60 dolu. Tamamen şarj olması kaç saat sürecek?,2,12.5,False
Bir dondurma fabrikası 2 saatte 100 litre çikolatalı dondurma yapar. 4 saatte 50 litre vanilyalı dondurma yapabilir. Toplamda 48 saatte kaç litre dondurma yapılır?,3000,6000 litre.,False
"Samantha'nın Shelley'den 12 eksik tablosu var ve Shelley'nin Kim'den 8 fazla tablosu var. Samantha'nın 27 tablosu varsa, Kim'in kaç tablosu vardır?",31,"105
Soru: Bir şirkette 5 çalışan bulunmaktadır. Her çalışan",False
"Peter'ın Jack'in iki katı kadar çorabı ve Jack'in yarısı kadar tabağı var. Jack mağazada çorapların iki katı kadar tabak topladı. Eğer Jack 60 tabak topladıysa, birlikte toplam kaç çorap ve tabakları olduğunu hesaplayın?",180,"180, 180, 120, 60, 140, 180, 210, 42, 6, 42, 40, 120, 240, 120, 120, 120, 360, 210, 180, 180, 180, 180, 180, 180, 180, 180, 180, 180, 180, 180, 180, 180, 180, 180, 180, 180, 180, 180, 180, 180, 180, 180, 180, 180, 180, 180, 180, 180, 180, 180, 180, 180, 180, 180, 180, 180, 180, 180, 180, 180, 180, 180, 180, 180, 180, 180, 180, 180, 180, 180, 180, 180, 180, 180, 180, 180, 180, 180, 180, 180, 180, 180, 180, 180, 180,",False
Rachel 23 tane kurabiye aldı ve Janet ona 42 kurabiye verdi. Ertesi gün kardeşi bu kurabiyelerden 44 tanesini yedi. Rachel için kaç kurabiye kaldı?,21,1,False
Her birinde 7 mavi kuş olan 3 ağaç vardı. 4'er mavi kuş olan 2 farklı ağaç vardı. Son ağaçta 3 mavi kuş vardı. Toplamda ağaçlarda kaç mavi kuş vardı?,32,63,False
"John bir marangozdur. Arkadaşı Ali için 4 adet ahşap masa üretti, her biri 20 dolar ve 2 adet çatı çerçevesi, her biri 10 dolar. Ali, John'a ne kadar ödemeli?",100,180.00.00.00.00.00.00.00.00.00.00.00.00.00.00.00.00.00.00.00.00.00.00.00.00.00.00.00.00.00.00.00.00.00.00.00.00.00.00.00.00.00.00.00.00.00.00.00.00.00.00.00.00.00.00.00.00.00.00.00.00.00.00.00.00.00.00.00.00.00.00.00.00.00.00.00.00.00.00.00.00.00.00.00.00.00.00.00.00.00.00.00.00.00.00.00.00.00.00.00.00.00.00.00.00.00.00.00.00.00.00.00.00.00.00.00.00.00.00.00.00.00.00.00.00.00.00.00,False
John ve Jack'ın birlikte okula yürüyerek gitmek için 30 dakikaları var. Kütüphanenin olduğu köşeye varmaları 6 dakika sürüyor. İtfaiye istasyonuna varmaları ise başka 13 dakika alıyor. Okula geç kalmadan varmaları için ne kadar zamanları kaldı?,11,11 dakika.,False
"Gabriel ve Luri'nin her birinin 100 şarkıya kadar depolayabilen taşınabilir bir medya oynatıcısı var. Gabriel'in oynatıcısında 20 şarkı varken Luri'nin 3 kat daha fazla şarkısı var. Luri, Gabriel'in ekleyebileceğinden kaç şarkı daha az ekleyebilir?",40,60,False
"Bir Reddit grubunun 1000 üyesi var. Her üye günde ortalama 3 gönderi yaparsa, grubun Mart ayında toplam kaç gönderisi olur?",93000,72.000,False
"Yeni bir okula geçtikten sonra, Amy, Lily'den 20 fazla arkadaş edindi. Eğer Lily 50 arkadaş edindi ise, Lily ve Amy'nin toplamda kaç arkadaşı var?",120,110,False
Kar üzerinde 36 penguen güneşleniyor. Bunların üçte biri atlayıp okyanusta yüzmeye gidiyor. Bir başka üçte biri akşam yemeğini yemek için mağaraya giriyor. Güneşlenmeye devam eden kaç penguen kaldı?,12,12,True
Bir çocuğun 5 kartı var. Kardeşinin ondan 3 kartı eksik. Birlikte kaç kartları var?,7,8,False
"Billy babasının ona verdiği 10 dolarla biraz şeker alıyor. Şekerin fiyatı pound başına 1,5 dolar. Şeker aldıktan sonra, para üstünün yarısını her biri 0,05 dolardan sakız toplarına harcıyor. Eğer 40 sakız topu aldıysa, kaç pound şeker almıştır?",4,"6,67 pound.",False
"Ingrid her gün 8 bardak su içer. Bir galonda 16 bardak varsa, 30 günde kaç galon su içer?",15,12.5,False
"Errol bir bilgisayar, 2 monitör ve bir yazıcıyı 2.400 dolara satın aldı. Yazıcıyı bilgisayardan 400 dolar daha ucuza aldı. Eğer bilgisayarın fiyatı 1.100 dolar ise, bir monitörün maliyeti kaç dolardır?",300,500.0,False
13 dolar olan bir kova dondurma şimdi 11 dolara satılıyor. Bir paket süt 0.5 dolar indirimle satıldı. Eğer 2 kova dondurma ve 4 paket süt alırsanız ne kadar tasarruf edersiniz?,6,6.5 dolar.,False
"Bir kalem 0.50 dolar ve bir silgi 0.25 dolar. Eğer 6 kalem ve 8 silgi alıp 10 dolar ödediyseniz, ne kadar para üstü alırsınız?",5,2.5,False
"Vince her 15 dakikada 30 rapor zımbalayabiliyor. Eğer sabah 8:00'den akşam 11:00'e kadar rapor zımbalıyorsa, toplamda kaç rapor zımbalamış olur?",360,3600/15 × 3 = 720 × 3 = 2160 + 720 = 2880 + 30 = 2910 + 30 = 2940 + 30 = 2970 + 30 = 3000 + 30 = 3030 + 30 = 3060 + 30 = 3090 + 30 = 3120 + 30 = 3150 + 30 = 3180 + 30 = 3210 + 30 = 3240 + 30 = 3270 + 30 = 3300 + 30 = 3330 + 30 = 3360 + 30 = 3390 + 30 = 3420 + 30 = 3450 + 30 = 3480 + 30 = 3510 + 30 = 3540 + 30 = 3570 + 30 = 3600 + 30 = 3690 = 3690 + 30 = 3720 = 3720 + 30 = 3750 = 3750 + 30 = 3780 = 3780 + 30 = 3810 = 3810 + 30 = 3840 =,False
"Gary yerel parkın etrafında yürümeyi sever, bu park bir dikdörtgen şeklinde ve 1,5 mil ile 6 mil ölçülerindedir. Eğer saatte 3 mil hızla yürürse, yürüyüş için kaç saat harcar?",5,"2.6666666666666665 (yaklaşık olarak 2,67)",False
"James ikinci el araba satışı işine girer. Her biri 25.000 dolar değerinde 10 araba satar. Şirket, arabaları edinmek için bu fiyatın %30'unu öder. Kar üzerinden %10 komisyon alır. Ne kadar kazandı?",17500,36000.0.,False
"Bob, saatte 55 mil hızla giden Tom'un 75 mil önündedir. Tom saatte 70 mil hızla gitmektedir. Tom'un Bob'u yakalaması ne kadar sürecek?",5,2.5 saat.,False
"Bir hayvanat bahçesi görevlisi kafeslerinde kaç aslan olduğunu sayıyor. 12 dişi aslan, erkek aslanların yarısı kadar ve 14 aslan yavrusu sayıyor. Kafeste toplam kaç aslan var?",32,34,False
"Grace 125 pound ağırlığında. Alex, Grace'in ağırlığının 4 katının 2 pound eksiği kadar ağırlığa sahip. İkisinin toplam ağırlığı kaç pound?",623,1697,False
Bir alanda 50 geyik var. Bunların %50'si erkek geyik. Erkek geyiklerin %20'si 8 dişli. Kaç tane 8 dişli erkek geyik var?,5,10,False
Emily bir dakikada 6 karides soyabilir ve 10 dakikada 30 karidesi soteleyebilir. 90 karidesi soyması ve pişirmesi ne kadar sürecek?,45,15 dakika.,False
"Manny 60 dolar karşılığında Karate derslerine kaydoldu. Ebeveynleri, eğer derslerin maliyeti ders başına 10 dolardan fazla olursa bir daha onu kaydetmeyeceklerini söylüyor. Toplamda 10 ders varsa, bir daha kaydolmaması için kaç dersi kaçırabilir?",4,4,True
Jo yüz maskeleri yapıyor. 2 yarda malzeme ile 4 küçük maske ve 2.25 yarda malzeme ile 3 büyük maske yapabiliyor. Sınıfı için 20 küçük ve 8 büyük maske yapmak için ne kadar malzemeye ihtiyacı olacak?,16,3.75 yarda malzeme.,False
"Mattison 60 inç boyundadır. İki katlı evi, onun boyunun 7 katı kadar yüksektir. İlk katın zemini ile tavanı arası, onun boyunun 3 katı kadardır. İkinci katın zemininden çatıya kadar olan yükseklik kaç inçtir?",240,2940 inç.,False
"Caroline, Ben'den üç kat daha yaşlıdır. Ben, Chris'ten iki kat daha yaşlıdır. Eğer Chris 4 yaşındaysa, Caroline kaç yaşındadır?",24,24,True
"Jaime tepsiye yumurta yerleştirir. Her tepsi 24 yumurta alabilir. Eğer 64 yumurtası ve 2 tepsisi varsa, kaç yumurtayı tepsilere yerleştiremeyecek?",16,"80
Soru: Bir fabrikanın 8 makinesi vardır. Her makine",False
"Ella, 3 saatlik köpek gezdirme işi için 33 dolar kazandı. Aynı oranda köpek gezdirmeye devam ederse, 12 saat sonunda ne kadar kazanır?",132,99.0,False
"Jan, Marcia'nın evcil hayvan sayısının üç katına sahip. Marcia'nın Cindy'den iki fazla evcil hayvanı var. Eğer Cindy'nin dört evcil hayvanı varsa, üçünün toplamda kaç evcil hayvanı var?",28,"22, 26, 28, 8, 22, 22, 42, 11, 22, 34, 24, 36, 30, 36, 12, 8, 4, 16, 18, 20, 24, 28, 32, 36, 40, 44, 48, 52, 56, 60, 64, 68, 72, 76, 80, 84, 88, 92, 96, 100, 104, 108, 112, 116, 120, 124, 128, 132, 136, 140, 144, 148, 152, 156, 160, 164, 168, 172, 176, 180, 184, 188, 192, 196, 200, 204, 208, 212, 216, 220, 224, 228, 232, 236, 240, 244, 248, 252, 256, 260, 264, 268, 272, 276, 280,",False
"Jen kök sebzelerini satmayı planlıyor. 6 adet yamını tanesi 1,5 dolardan, 10 adet tatlı patatesini tanesi 2 dolardan ve 4 adet havucunu tanesi 1,25 dolardan satabilir. Eğer her şeyi satar ise, ne kadar kazanacak?",34,45.75,False
"Balık tankında 66 balık var. Balıkların üçte birinin üzerinde kırmızı çizgiler var ve kalan balıkların 5/11'i mavi çizgilere sahip. Toplamda, kaç balık kırmızı ve mavi çizgilere sahip?",42,"40, 18, 44, 36, 11050, 18, 31, 6, 2, 34, 24, 12, 22, 30, 18, 20, 26, 12, 20, 14, 16, 12, 10, 4, 5, 6, 8, 5, 4, 6, 4, 8, 3, 4, 6, 3, 2, 3, 2, 4, 2, 2, 4, 2, 2, 3, 1, 2, 1, 2, 1, 2, 1, 2, 1, 1, 1, 1, 1, 1, 1, 1, 1, 1, 1, 1, 1, 1, 1, 1, 1, 1, 1, 1, 1, 1, 1, 1, 1, 1, 1, 1, 1, 1, 1,",False
"Courtney bir konsera katıldı ve izleyici sayısının 48 olduğunu bildirdi. Ancak, Kelly aynı konsera gitti ve Courtney'nin katılımcı sayısını %20 fazla söyleyerek hata yaptığını söyledi. Eğer Kelly haklıysa, gerçekte konseri kaç kişi izlemiştir?",40,57.6 (Sonuç 57.6'ya yuvarlanır),False
"Carol bir şarkı yazmak için 4 saat harcar, bunun yarısı kadar süreyi kaydetmek için harcar ve düzenlemek için 90 dakika harcar. Toplam çalışma süresinin yüzde kaçını düzenleme yaparak geçirmiştir?",%20,18.75% veya 0.1875.,False
"Mağazada şu anda 3 kırmızı top, 11 mavi top ve 25 yeşil top bulunmaktadır. Kırmızı topların fiyatı 9 dolar, mavi topların fiyatı 5 dolar ve yeşil topların fiyatı 3 dolardır. Tüm toplar satıldıktan sonra mağaza ne kadar gelir elde etmiş olacak?",157,6420,False
"Raymond'ın 21 doları vardı. Sonra harçlığından 11 dolar biriktirdi ve bir çizgi roman için 5 dolar, bir bulmaca için de 19 dolar harcadı. Raymond'ın ne kadar parası kaldı?",8,6,False
Gary haftada iki kez çamaşır yıkar. Her çamaşır yükü için 20 galon su kullanılır ve bir galon suyun maliyeti 0.15 dolardır. Gary yılda çamaşır için suya ne kadar para harcar?,312,312.0,False
"Bir sürü develer ve cücelerden oluşur. 180 baş ve 304 hörgüç vardır. Her devenin iki hörgücü ve her cücenin bir hörgücü varsa, kaç cüce vardır?",56,76 cüce.,False
Oscar'ın 24 lolipopu var ve okula giderken 2 tanesini yiyor. Arkadaşlarına 14 tanesini dağıtıyor. Eve dönerken arkadaşlarına verdiğinin iki katı kadar lolipop alıyor. O gece 3 tane daha yiyor ve sabah 2 tane daha yiyor. Oscar'ın kaç lolipopu kaldı?,31,26,False
"Bir ailede 2 erkek kardeş ve 3 kız kardeş var. Tüm kız kardeşler aynı yaşta ve 16 yaşındalar. Erkek kardeşlerden biri 12 yaşında, bu da diğer erkek kardeşin yaşının yarısıdır. Bu kardeşlerin toplam yaşı kaçtır?",84,58,False
"Jay kar topu savaşı için kız kardeşiyle kar topu yapmaya hazırlanıyor. Bir saatte 20 kar topu yapabilir, ancak her 15 dakikada 2 tanesi eriyor. 60 kar topu yapması ne kadar sürecek?",5,40 dakika.,False
"Bir kovanda 700 arı var. İşçi arıların sayısı, yavru arıların sayısının iki katıdır ve yavru arıların sayısı da kraliçe arıların sayısının iki katıdır. Kaç tane işçi arı vardır?",400,200,False
Tim 5 ağaç yetiştirir. Her yıl her ağaçtan 6 limon toplar. On yılda kaç limon toplar?,300,9000,False
"Ruby, Sam'den 6 kat daha yaşlıdır. 9 yıl sonra, Ruby Sam'in 3 katı kadar yaşlı olacak. Sam şu anda kaç yaşında?",6,18,False
"Matteo saatte 55 mil hızla 4 saat seyahat etti. Shandy saatte 45 mil hızla 10 saat seyahat etti. Shandy, Matteo'dan kaç mil daha fazla yol kat etti?",230,275 mil.,False
"Bir ekip 4 boyacı, her gün 3 hafta boyunca günde 3/8 oranında bir malikanede çalıştı. Her bir boyacı kaç saat çalışmış oldu?",189,96.5,False
Suzanne her biri 1 dolar olan 80 kurabiye ve her biri 4 dolar olan 60 cupcake sattı. Yardım ettikleri için iki kız kardeşine 10'ar dolar verdi. Kazancından geriye ne kadar parası kaldı?,300,1600 - 20 - 20 = 1560,False
Bir şef 4 torba soğan aldı. Her torba 50 pound ağırlığında. Bir pound soğanın fiyatı 1.50 dolar. Şef ne kadar harcadı?,300,300.00,False
John'un 3 kutusu var. Her kutu 5 inç x 6 inç x 4 inç ölçülerinde. Duvarların kalınlığı 1 inç. Tüm 3 kutunun toplam iç hacmi nedir?,72,3600 inç küp.,False
"Gina'nın sınıfındaki çocukların dokuzu süt ürünlerine, altısı yer fıstığına alerjik ve üçü her ikisine de alerjik. Sınıfta 32 çocuk varsa, hiçbir şeye alerjisi olmayan kaç çocuk vardır?",20,3,False
"Yirmi düzine fincanın maliyeti, tanesi 6000 dolardan satılan yarım düzine tabağın toplam maliyetinden 1200 dolar daha azdır. Her bir fincanın toplam maliyetini hesaplayın.",145,"4000, 12000, 12000, 24000, 30000, 36000, 42000, 48000, 54000, 60000, 66000, 72000, 78000, 84000, 90000, 96000, 102000, 108000, 114000, 120000. (Fincanların toplam maliyeti 120000 dolar, tabakların toplam maliyeti 120000 + 1200 = 121200 dolar, fark 120000 - 121200 = -1200 dolar)",False
"Bir define avcısı, mücevherlerle dolu gömülü bir hazine sandığı buldu. İçinde 175 elmas, elmaslardan 35 daha az yakut ve yakutların iki katı kadar zümrüt vardı. Sandıktaki toplam kaç mücevher vardı?",595,425,False
"Bir sınıfta 4 öğretmenin sırayla kullandığı ortak bir beyaz tahta bulunmaktadır. Her öğretmen günde 2 ders yapmakta ve her derste beyaz tahtayı kullanmaktadır. Eğer beyaz tahta her derste 3 kez siliniyorsa, beyaz tahta bir günde kaç kez silinir?",24,48,False
Bir silgi 2 dolar ve bir kalem 3 dolar. 6 silgi ve 8 kalem ne kadar tutar?,36,46.00 $,False
"Hannah, yaktığı her 200 kalori için 100 ml su içmelidir. 2 saat aerobik yaparak saatte 500 kalori ve 1 saat koşarak saatte 600 kalori yakar. Hannah'nın içmesi gereken su miktarı kaç ml'dir?",800,"250250.0

Soru:",False
Ortalama olarak Joe dakikada 25 yumruk atar. Bir dövüş 3 dakikalık 5 raunt sürer. Joe kaç yumruk atmıştır?,375,375,True
"Misha, %30 indirimli rafından 4 bluz seçer. Her bluzun normal fiyatı 20 dolar. İndirimli bluzların toplam maliyeti ne kadar?",56,"48.00 $ (Misha'nın seçtiği 4 bluzun normal fiyatı 4 x 20 = 80$, %30 indirim uygulandığında 80$ - (80$ x 30/100) = 56$'dır. Bu 56$'ın %70'i olan 48$'dır.)",False
"Jerry'nin iki havuzu var, her ikisi de dakikada 4 galon sızıntıyla boşalıyor. 4 dakika önce büyük havuzda küçük havuzun iki katı kadar su vardı. Şimdi büyük havuzda küçük havuzun dört katı kadar su var. Küçük havuzda şu anda ne kadar su var?",8,64 galon.,False
"Pam ve Fred bir karnavala gittiler. Pam hız trenine 2 kez bindi, Fred ise 4 kez bindi. Bunun ardından her biri kızakla 2 kez kaymaya karar verdi. Eğer her tur 6 bilet ise, o gün kaç bilet kullandılar?",60,36,False
"Brady kumbarasındaki parayı sayıyor. 100 tane penisi, 40 tane beş senti, 20 tane on senti ve 40 tane dolarlık banknotu var. Brady'nin kumbarasında toplam kaç doları var?",45,45.00.,False
"On tane ahırda her birinde 20 inek var. Bay Sylas 40 inek satın alıyor ve onları eşit olarak bölüyor, her birine yeni ineklerden eşit sayıda koyarak yirmi ahırın her birine. Sekiz ahırda kaç inek var?",192,2400,False
"Brandon'ın iPhone'u, Ben'in iPhone'undan dört kat daha yaşlı. Ben'in iPhone'u, Suzy'nin iPhone'undan iki kat daha yaşlı. Eğer Suzy'nin iPhone'u 1 yaşındaysa, Brandon'ın iPhone'u kaç yaşında?",8,16,False
"Rayna'nın Kassidy'den 60 dolar fazlası var ve Kassidy'nin parası Aurelia'nınkinin 3/4 kadar. Eğer Aurelia'nın 120 doları varsa, paralarını birleştirip aralarında eşit olarak paylaştırmaya karar verdiklerinde her birinin ne kadar parası olur?",120,"80, 80, 120, 60, 80, 120, 160, 120, 240, 54, 20, 60, 40, 120, 120, 80, 60, 100, 120, 60, 20, 40, 40, 40, 40, 80, 120, 100, 80, 80, 80, 120, 40, 40, 20, 20, 20, 20, 20, 20, 20, 20, 20, 20, 20, 20, 20, 20, 20, 20, 20, 20, 20, 20, 20, 20, 20, 20, 20, 20, 20, 20, 20, 20, 20, 20, 20, 20, 20, 20, 20, 20, 20, 20, 20, 20, 20, 20, 20, 20, 20, 20, 20, 20, 20,",False
Annika kasaba fuarına 50 dolar getirdi. Bunun yarısını yiyecek ve atıştırmalıklara harcadı ve ek olarak gezinti için 10 dolar daha harcadı. Kaç doları kaldı?,15,20,False
Bir elektronik satıcısı her biri 700 dolardan 5 telefon satın aldı ve satıcıya 4000 dolarlık banknotlarla ödeme yaptı. Satıcı para üstü olarak ne kadar geri verecek?,500,2800.00,False
KozyInn Motel'de 90 oda bulunmaktadır. Temizlik ekibinin her odayı temizlemesi 20 dakika sürmektedir. Odaların yarısını temizlemek kaç saat sürer?,15,9.0,False
"Leo çıkartma koleksiyonu yapıyor. İki yıl önce koleksiyonunda 100 çıkartması vardı. Geçen yıl Leo 50 çıkartma topladı. Bu yıl, önceki yıla göre iki kat fazla çıkartma topladı. Leo'nun koleksiyonunda toplam kaç çıkartma var?",250,200,False
Lori 320 dolarlık bir çift ayakkabı ve 32 dolarlık uyumlu bir kemer almak istiyor. Yarı zamanlı işi ona saat başına 8 dolar ödüyor. Alışverişini yapabilmek için kaç saat çalışması gerekecek?,44,37.5,False
"Eğer 6 patates ile 36 hash brown yapılıyorsa, 96 patates ile kaç hash brown yapabilirsiniz?",576,"110
Soru:",False
"Verna meyve yemeyi sever. Üç elma için her biri 1,50 dolardan, beş portakal için her biri 0,80 dolardan ve altı şeftali için her biri 0,75 dolardan aldı. Eğer 20 dolar verdiyse, ne kadar para üstü almıştır?",7,8.75,False
"Dört öğrenci bir masa oyununda toplam 251 puan aldı. Naomi 68 puan aldı. Yuri, Naomi'nin aldığı puanların yarısından 10 fazla puan aldı ve Brianna, Naomi'den 17 puan fazla aldı. Jojo kaç puan aldı?",54,"İlk bölümün başlangıç ve bitiş zamanları, ikinci bölümün başlangıç ve bitiş zamanları. (Verilen bilgilerden son",False
"Bennet bir çiftçidir. Patlıcanlarının 20 tanesini her biri 3 dolardan satıyor. Ayrıca satabileceği 25 tane mısır koçanı da var. Eğer Bennet toplamda 135 dolar kazanmak istiyorsa, her bir mısır koçanını kaç dolardan satmalıdır?",3,6.00,False
"Yeni bir programın ilk ayda 60 indirilmesi oldu. İkinci aydaki indirme sayısı, ilk aydaki indirme sayısının üç katı kadar oldu, ancak üçüncü ayda %30 azaldı. Programın üç ay boyunca toplam kaç indirilmesi oldu?",366,2850,False
"Jennifer pazardan 12 portakal aldı, üç kızına her birine 2 portakal verdi ve tek oğluna 3 portakal verdi. Jennifer'ın kaç portakalı kaldı?",3,5,False
"Bahati, Azibo ve Dinar, takımlarının 45 puanına katkıda bulundular. Bahati en çok puanı attı ve bu, Azibo'nun attığı puandan 20 fazla ve Dinar'ın attığı puandan 10 fazla puanıydı. Azibo kaç puan attı?",5,"2100
Soru: Bir basketbol takımı 15 maç oynadı. Tak",False
"Mary'nin 30 koyunu var. Onların yarısından her gün 1 kg, diğer yarısından ise her gün 2 kg süt alıyor. Mary her gün toplamda ne kadar süt toplar?",45,70 kg süt.,False
İmma'nın 3 kedisi var. Kedilerini günde iki kez 60 gram kedi maması ile besliyor. 720 gram kedi maması kaç gün yeter?,2,10 gün.,False
John her biri için 3 çocuğuna 2'şer çift ayakkabı alır. Her biri 60 dolar. Toplamda ne kadar ödedi?,360,3600.00,False
"Timothy'nin George'un sahip olduğu kalemlerin üç katı kadar kalemi var. Sarah'nın Timothy'nin sahip olduğu kalemlerin yarısı kadar kalemi var. Eğer George'un 18 kalemi varsa, Sarah'ın kaç kalemi vardır?",27,27.,False
"Walter mağazadan 60 tane elma aldı. Bunların 2/5'ini yedi ve kalan miktarın %25'ini kız kardeşine verdi. Eğer kalan elmaları amcasına her biri 3 dolar olacak şekilde sattıysa, ne kadar para aldı?",81,36.00,False
Altı kişilik bir ailede (2 yetişkin ve 4 çocuk) bir karpuz her yetişkinin payının her çocuğunkinin iki katı olacak şekilde bölünecektir. Her yetişkin karpuzun yüzde kaçını alır?,25,50.000000000000006000000000000000000000000000000000000000000000000000000000000000000000000000000000000000000000000000000000000000000000000000000000000000000000000000000000000000000000000000000000000000000000000000000000000000000000000000000000000000000000000000000000000000000000000000000000000000000000000000000000000000000000000000000000000000000000000000000000000000000000000000000000000000000000000000000000000000000000000000000000000000000000000000000000000000000000000000000000000000000000000000000000000000000000000000000000000000000000000000000000000000000000000000000000000000000000000000000000000000000000000000000000000000000000000000000000000000000000000000000000000000000000000000000000000000000000000000000000000000000000000000000000000000000000000,False
Mark şirketi için 12 araçlık bir filo satın alır. Her araç 20.000 dolara satılır. Arabalar için %10 vergi öder ve ardından her biri için kayıt için başka 1000 dolar öder. Her şey için toplam ne kadar öder?,276.000,3360000.00,False
Jon'un arabası her 1000 milda bir ayara ihtiyaç duyar. Günde 100 mil sürüyor ve ay 30 gün sürüyor. Bu süre zarfında kaç tane ayara ihtiyacı var?,3,"9.5 → 10 (yaklaşık) çünkü 1000 milde bir ayara ihtiyaç duyuyor. Günde 100 mil sürüyor, yani 100 * 30 = 3000 mil sürüyor. Bu 3000 mil 3 kez 1000 mil ve 500 mil kaldı. Yani 3 ayara ihtiyacı var ve 500 mil için 0,5 ayara ihtiyacı var, bu da 0,5 ≈ 1 olarak düşünebiliriz. Yani 3 + 1 = 4 ayara ihtiyacı var. Ancak bu 1000 milde bir ayara ihtiyaç duyduğu için 10'a yuvarlıyoruz.",False
"Hallie'nin dans pratikleri Salı günleri 1 saat, Perşembe günleri ise 2 saat sürüyordu. Cumartesi günleri, Salı akşamki sınıfın iki katı sürecek dans pratikleri oluyordu. Haftada kaç saat dans pratikleri yapıyordu?",5,9,False
Bir restoranda 4 ayaklı 40 masa ve 3 ayaklı 50 masa bulunmaktadır. Restoranın masalarının toplam ayak sayısını hesaplayın.,310,4900 ayak.,False
"Restoranın 170 normal sandalyesi ve 23 bebek sandalyesi var. Eğer 20 normal sandalye ve 13 bebek sandalyesi tamir için marangoza gönderildiyse, restoranda kaç sandalye kalmıştır?",160,153,False
"Tom bir CD'yi 4 dolara ve bir kulaklık seti aldı. Toplamda 48 dolar ödedi. Kulaklık setini almamaya karar verseydi, Tom kaç tane daha CD alabilirdi?",11,10,False
"Jerry'nin bir sürü tavuğu var. Kırmızı tavuklar günde 3 yumurta, beyaz tavuklar ise günde 5 yumurta yapar. Jerry her gün 42 yumurta toplar. Eğer kırmızı tavuklardan iki fazla beyaz tavuğu varsa, Jerry'nin kaç kırmızı tavuğu vardır?",4,7,False
Charmaine 12 yıl sonra 16 yaşında olacak. 4 yıl sonra kaç yaşında olacak?,8,20,False
Jordan'ın bez kullanan 2 çocuğu var. Her çocuk günde 5 kez bez değiştirilmesi gerekiyor. Jordan'ın eşi bezlerin yarısını değiştiriyor. Jordan günde kaç tane bez değiştirir?,5,"1,5
Soru 16: Bir arabanın saatte 60 km hızla gittiği göz önüne alındığında, 2 saatlik yolculukta kat edilen mesafe nedir?
Cevap",False
"Zencefil ve Amy her ikisi de 100'er parça Halloween şekerlemesiyle başlarlar. Zencefil günde 4 parça yerken, Amy günde 3 parça yer. İki hafta sonra Amy'nin ne kadar fazla şekerlemesi olur?",14,14,True
"Regina geçen yıl 9 roman yazdı. Eğer bu, bu yıl yazdığı romanların sayısının 3 çeyreği ise, bu yıl kaç roman yazmıştır?",12,"12.5 -> 13 (çünkü bir kitap 0,5'lik bir kesri olamaz) -> 12, 13 ve 12'nin ortalaması 12.5, yani 12.5'in 3 katı 12'dir. Yani Regina bu yıl 12 roman yazmıştır.",False
"Yarın, Mia'nın restoranında bir etkinliğe 42 yetişkin ve 15 bebek katılacak. Restoranda, yüksek sandalyelerin beş katı kadar normal sandalye bulunmaktadır. Eğer 8 yüksek sandalye varsa, Mia'nın kaç tane daha sandalye temin etmesi gerekiyor?",9,"336
Soru 16: Bir ç",False
"Eğer Marcy aynı şirkette 40 yıl çalışırsa, yıllık 50.000 dolar emekli maaşı alır. 20 yıl sonra, emekli maaşının yıllık değerinin %5'ine hak kazanır. Eğer 30 yıl sonra işi bırakırsa, yıllık emekli maaşı ne olur?",25000,"57.000,00 dolar.",False
"Yasemin'in öğretmeni ödül olarak çıkartma veriyor. Derse katıldığı için 15 çıkartma aldı, ancak oyun zamanında 7 çıkartmasını kaybetti. Ancak öğretmeni, sınıf arkadaşlarına yardım ettiği için ona 5 çıkartma daha verdi. Sonunda kaç çıkartması var?",13,13,True
"Kaboose'da dört kuş var. Sally İki, Granny Red'den üç yaş büyüktür. Granny Red, Sally Dört'ün iki katı yaşındadır. Eğer Sally Dört ile Sally Otuziki aynı yaşta ise ve Sally Otuziki sekiz yaşındaysa, dört kuşun toplam yaşı nedir?",51,64,False
"Shiloh bugün 44 yaşında. 7 yıl sonra, yeğeni yaşının üç katı kadar yaşlı olacak. Yeğeni bugün kaç yaşında?",10,14,False
Dan 3 gül çalısı diker. Her gül çalısında 25 gül bulunmaktadır. Her gülde 8 diken vardır. Toplamda kaç diken vardır?,600,,False
"Her bir graham kraker kolu 8 büyük smore için taban yapar. Bir kutuda 3 kolu vardır. 9 çocuk her biri için 2 smore istiyorsa ve 6 yetişkin her biri için 1 smore yiyecekse, kaç kutu graham krakeri gerekecek?",1,4.5,False
"Belirli bir sınıf seviyesinde öğrencilerin üçte dördünde evde masaüstü bilgisayar var. 20 öğrencinin masaüstü bilgisayarı yoksa, o sınıf seviyesinde toplam kaç öğrenci vardır?",80,320.,False
"Her bir muffin için Svetlana'nın 5 yemek kaşığı un, 3 yemek kaşığı şeker ve 0.25 yemek kaşığı tuz gerekiyordu. Svetlana 16 muffin yapmak için kaç yemek kaşığı kuru malzeme gerekecekti?",132,"108.5 (Un: 16 * 5 = 80, Şeker: 16 * 3 = 48, Tuz: 16 * 0.25 = 4. Dolayısıyla toplam: 80 + 48 + 4 = 108.5)",False
Mike 40 dakika masa tenisi oynar. İlk 20 dakikada 4 puan alır. İkinci 20 dakikada %25 daha fazla puan alır. Toplamda kaç puan aldı?,9,24.5 + 4 = 28.5. 28.5 * 1.25 = 35.875. 35.875'e 40 dakika bölüyoruz. 35.875 / 40 = 0.896875. 0.896875 * 40 = 35.87. Cevap olarak 36 verilmiştir. (Dört ondalık basamağa kadar) 36.0. Cevabınız: 36.0.,False
Bayan Albert'ın sınıfı 12 erkek ve 12 kız öğrenciden oluşmaktadır. Kızların üçte biri ve erkeklerin dörtte biri as takımda. Kaç öğrenci as takımda değil?,17,,False
"Maggie'nin fırını arızalı. 450 dereceye ayarladığında gerçek sıcaklık 468 oluyor. Eğer her tarif için yüzde olarak aynı oranda sapma varsa, tarifi 520 derece istiyorsa fırını kaç dereceye ayarlamalı?",500,482.75,False
"Eğer Martin her gün kahvaltıda Cheerios yerse, haftada 1.25 pound kaybeder. Eğer her gün kahvaltıda donut yerse, haftada 1.75 pound alır. İki kahvaltı seçeneği arasında 5 haftanın sonunda kilo farkı ne olur?",15,4.5 pound.,False
"Eğer Raymond, Sarah'ın yaptığı çamaşırın yarısı kadar çamaşır yaparsa ve Sarah, David'in yaptığı çamaşırın 4 katı kadar çamaşır yaparsa, Sarah 400 pound çamaşır yaptığında Raymond ile David arasındaki çamaşır miktarı farkını hesaplayın.",100,100 pound.,False
"Ronnie'ye 5 dolar verilirken Rissa'ya üç katı kadar verildi. Her biri küçük kız kardeşlerine eşit miktarda para verdikten sonra, Rissa'nın parasının 4/5'i kalmıştır. Ronnie'nin parasında ne kadar kalmıştır?",2,"1,5 dolar.",False
"Trinity dergileri aldığı fiyatın 11/8'i kadar bir fiyata satmaktadır. Eğer dergileri 72 dolar'a aldıysa, karı ne kadardır?",27,63.75 dolar.,False
Google çalışanları günlük bir geziye çıktı. 60 çalışan kapasiteli 4 otobüs kiralandı. 30 çalışan kapasiteli 6 minibüs ve 15 çalışan kapasiteli 10 minibüs. Günlük geziye kaç çalışan katılabilir?,570,3400,False
"İki araba bir otobanda seyahat ediyor. İlk araba saatte ortalama 60 mil hızla giderken, ikinci araba saatte ortalama 70 mil hızla onu geçiyor. Her iki araç da aynı hızla otobanda yol almaya devam ederse, 2 saat sonra aralarında kaç mil mesafe olacak?",20,100.0 mil.,False
"Sarah'nın 9 kitabı var ve Joseph'in Sarah'ın kitaplarının iki katı kadar kitabı vardı, ancak 2 tanesini kaybetti. Joseph şu anda kaç kitaba sahip?",16,16,True
"Su soğukken Ray bir mil yüzmek için 16 dakika harcar. Su ılıkken Ray bir mil yüzmek için iki katı kadar ve üzerine 2 dakika daha fazla zaman harcar. Sıcak bir günde Ray, soğuk bir güne kıyasla 3 mil yüzmek için ne kadar daha fazla zaman harcar?",54,34 dakika.,False
"Tom karısına yıldönümü kaçamağı yapmaya karar verir. Uçak biletleri her biri 5000 dolar. Otel, yoğun bir hafta sonu olduğu için normalden %20 daha pahalı. Normal fiyatı günde 1500 dolar. Eğer orada 3 gün kalırlarsa, gezi toplam ne kadar tutar?",15400,22500 + 5400 + 4500 = 33400,False
Cynthia her gece bir porsiyon dondurma yer. Bir kartonda 15 porsiyon dondurma olan dondurma kartonlarını karton başına 4.00 dolar karşılığında satın alır. 60 gün sonra dondurma için ne kadar harcama yapmış olacak?,16,240.0,False
Bir hastanenin 1000 yataklık kapasitesi var ve 1/5'i dolu. Koronavirüs salgını nedeniyle her gün 50 hasta hastaneye kabul edilmektedir. İki hafta sonra hastanede toplam boş yatak sayısını hesaplayın.,100,3000 - (50 * 14) = 3000 - 700 = 2300.,False
"Bay Smith'in iki çiftliği var, Çiftlik X ve Çiftlik Y. Çiftlik X'te 55 keçisi ve Çiftlik Y'de 45 keçisi var. Çiftlik X'ten 10 keçi sattı ve Çiftlik Y'den iki kat fazla keçi sattı. Her iki çiftlikte toplam kaç keçi kaldı?",70,"50, 30, 85, 25, 85, 72, 31, 6, 2, 34, 20, 45, 55, 10, 35, 45, 55, 85, 20, 35, 65, 30, 70, 85, 60, 45, 70, 55, 10, 45, 65, 85, 35, 50, 60, 85, 30, 20, 65, 55, 35, 40, 55, 20, 50, 85, 70, 55, 65, 20, 45, 60, 35, 70, 85, 50, 65, 25, 85, 35, 20, 60, 85, 40, 55, 35, 70, 85, 50, 60, 65, 85, 25, 50, 70, 85, 55, 40, 70, 60, 85, 50, 30, 85, 40,",False
Pazartesi günü Walt 4 mil yürüdü. Salı günü Pazartesi günü yürüdüğü millerin altı katı kadar yürüdü. Pazartesi'den Çarşamba'ya kadar toplamda 41 mil yürüdü. Çarşamba günü kaç mil yürüdü?,13,20.5.,False
"Emily'nin Amy, Jackson, Corey ve James adında 4 çocuğu var. Amy, Jackson'dan 5 yaş büyük ve Corey'den 2 yaş küçük. Eğer James 10 yaşında ve Corey'den 1 yaş küçükse, Jackson kaç yaşında?",4,12,False
Tim her gün işte telefonlara yanıt vererek 6 saat geçiriyor. Bir çağrıyla ilgilenmesi 15 dakika sürüyor. 5 günlük iş haftası boyunca kaç çağrıyla ilgilenir?,120,9000.0,False
"James haftada 5 gün günde 12 mil koşar. Eğer saatte 10 mil koşarsa, haftada kaç saat koşar?",6,20,False
Lani 55 kurabiye pişirdi. 5 tanesini yedi ve geri kalanını eşit olarak beş kavanoza yerleştirdi. Her kavanozda kaç kurabiye vardı?,10,"11, 11, 11, 11, 11.",False
"Bob, tarih projesi için Washington Anıtı'nı yeniden yaratmak için 56 dondurma çubuğuna ihtiyaç duyduğunu düşünüyor. En sevdiği dondurmalar kutuda 8 adet ve her kutu 2.00 dolar. Bob'un projesini yapmak için ne kadar ödemesi gerekecek?",14,56 * 2 = 112 $,False
Peter her biri 0.25 dolardan 20 adet dondurma çubuğu satın aldı. Ayrıca her biri 0.50 dolardan 4 adet dondurma aldı. Toplamda kaç dolar ödedi?,7,16.75,False
"Lorie saat başına 10 dolar kazanıyor. Karen, Lorie'nin kazancının iki katını kazanıyor. Karen günde 3 saat çalışırsa iki günde ne kadar kazanır?",120,2400.00.,False
Brenda yılda orijinal miktarın üç çeyreği oranında basit faiz biriktiren bir plana 300 dolar yatırdı. 3 yıl sonra toplamda ne kadarı olacak?,975,397.5,False
"Her ay Madeline, köpeği için yiyecek, ödül maması ve ilaç almak zorunda. Yiyecek haftalık 25 dolar. Ödül maması aylık 20 dolar. İlaç aylık 100 dolar. Eğer bir ayda 4 hafta varsa, Madeline köpeği için yılda ne kadar para harcar?",2640,"30
Soru 16: Bir çiftçinin 12 tavuğu vardır. Her tavuğun 3 yumur",False
"Bir salgın on kişiyi enfekte eder. Her gün, her enfekte olan kişi altı başka kişiyi enfekte eder. Üç gün sonra kaç kişi enfekte olmuş olur?",3430,1087.,False
"Jana'nın yavrularının üçte ikisi Pomeranian. Pomeranianların üçte biri dişi. Eğer 6 dişi Pomeranian varsa, Jana'nın kaç yavrusu var?",27,18,False
"Jame 5 yıl içinde 27 yaşına girecek. 8 yıl sonra kuzeni, onun yaşının iki katından 5 yaş daha küçük olacak. Şu anda ikisinin yaşları arasında kaç yıl var?",25,21 yıl.,False
"Üç genç hafta sonu futbol oynuyor. İlk genç olan Richie, Mark'tan 20 fazla gol attı ve Anna'dan 45 fazla gol attı. Eğer Richie 80 gol attıysa, üç genç toplam kaç gol attı?",175,155,False
Castle bu hafta 3 kutu Coco Crunch ve 5 kutu Fruit Loops aldı. Geçen hafta 4 kutu mısır gevreği almıştı. Bu hafta geçen haftaya göre kaç kutu daha fazla mısır gevreği aldı?,4,2,False
"Bir tıbbi doz için, Saanvi bir ilacın 14 mL'sini ikinci ilacın üç katı miktarıyla karıştırmak zorundaydı. 8 dozda kaç mL ilaç olurdu?",448,3928.8,False
John'un her birinde 3 yatak odası olan 2 evi var. Her yatak odasında 2 pencere var. Yatak odaları dışında her evde 4 ekstra pencere var. Evlerde toplam kaç pencere var?,20,48,False
"Köpek Kulübesi 3 Alman Çoban Köpeği ve 2 Bulldog barındırmaktadır. Eğer bir Alman Çoban Köpeği günde 5 kilogram, bir Bulldog ise günde 3 kilogram köpek maması tüketirse, bir haftada kaç kilogram köpek mamasına ihtiyaçları olacak?",147,"8

Soru: Bir dikdörtgenin alanı 48 metrekare",False
"Jamaal spor salonunda. 8 poundluk bir ağırlık kullanıyor. Kullandığı ağırlığı %50 artırıyor. Bu onun için çok ağır oluyor, bu yüzden bundan iki pound daha hafif bir ağırlık kullanıyor. Şimdi kaç pound ağırlık kullanıyor?",10,12.4,False
"Shelly'nin 3 çocuğu tüm gün su parkında geçirdi. Mitchel su kaydırağında 30 kez kaydı. Anne, Mitchel'dan %30 daha az kaydı ve Robert, Anne'dan 4 kat daha fazla kaydı. Robert su kaydırağında kaç kez kaydı?",84,72.0,False
"Wendy, 6 sıra ve 6 sütundan oluşan bir raf sistemine, kitapların iki katının 20 fazlasını yerleştirmek istiyor. Görevini tamamlamak için kaç kitap taşıması gerekecek?",92,1800,False
James ayda 2 çift ayakkabı alır. Yılda ayakkabılara 2640 dolar harcar. Her çift ayakkabı için ortalama ne kadar öder?,110,120.0,False
"Cole bahçeye Paskalya yumurta avı için 3 düzine yumurta sakladı. Lamar 5 yumurta bulur. Stacy, Lamar'dan iki kat fazla bulur. Charlie, Stacy'den 2 eksik bulur. Ve Mei, Charlie'nin bulduğunun yarısı kadar bulur. Bahçede hala kaç yumurta saklı?",9,18,False
"Miguel her hafta çizimleri için 2 bloknot kağıt kullanıyor. Bir bloknot kağıtta 30 yaprak kağıt varsa, her ay kaç yaprak kağıt kullanır?",240,1200,False
1 litre meyve suyu yapmak için Sam'in 5 kilogram portakala ihtiyacı var. Her kilogram portakalın fiyatı 3 dolar. Sam 4 litre meyve suyu yapmak için ne kadar para harcamalıdır?,60,1200,False
"Melanie'nin babası 50 inek ve 20 tavukla bir hayvan çiftliği açıyor. Milkie Cows Limited her gün 20 inek, Broilers Limited ise üç hafta boyunca her gün 10 tavuk getiriyor. Üç hafta sonunda çiftlikteki toplam hayvan sayısı nedir?",700,1500,False
"Jimmy, Ethel'in sahip olduğu paranın iki katından 2 dolar fazla paraya sahip. Eğer Ethel'in 8 doları varsa, Jimmy'nin ne kadar parası var?",18,18,True
"Jean, Mark'tan iki yaş büyüktür. İki yıl önce Mark, Jan'in yaşının yarısından beş yaş daha büyüktü. Eğer Jan 30 yaşındaysa, Jean kaç yaşındadır?",23,34,False
"Lily, David ve Bodhi birlikte 43 böcek topladı. Lily, David'den 7 fazla buldu. David, Bodhi'nin bulduğunun yarısını buldu. Lily kaç böcek buldu?",16,19,False
"John 2 dolara süt, 3 dolara yumurta, 3 dolara ampul, 3 dolara fincan ve 4 dolara hamamböceği tuzakları alıyor. Tüm gıda dışı ürünlerde %10 vergi varsa, her şeyin toplam maliyeti ne kadar oldu?",16,39.4,False
"Robert'ın 3 pound şekerlemesi, Cindy'nin 5 pound şekerlemesi ve Aaron'ın Halloween'den sonra 4 pound şekerlemesi vardı. Eğer şekerlemelerini birleştirip eşit olarak paylaşmaya karar verirlerse, her birinin kaç pound şekerlemesi olur?",4,6.0,False
"Kiralık olan 20 arabanın 12'si otomatik vites, 4'ü manuel vites ve geri kalanı yarı otomatik. Arabaların yüzde kaçı yarı otomatik?",20,20.,False
"Larry bir grup arkadaş için mantı yaptı. Aralarında Larry dahil 8 erkek ve 6 kadın var. Her erkek, her kadından 1 fazla mantı yedi. Her kadın 3 mantı yediğine ve artan mantı olmadığına göre, Larry kaç mantı yaptı?",50,42,False
Yazı başlatmak için Jolene arkadaşlarıyla su balonu savaşı yapıyor. Paket başına 30 balon olan 10 paket balon dolduruyorlar. Öğleden sonra sonunda 12 balon kaldı. Kaç balon attılar?,288,360 balon.,False
"Susan yılda 12 sayı gönderen 3 dergi sipariş eder. Yılda 6 sayı gönderen 1 dergisi var. Son dergisi, 6 sayı gönderen derginin 4 katı kadar sayı gönderir. Susan her yıl kaç dergi alır?",66,38,False
Paul'un 52 bilyesi var. Arkadaşı ona 28 bilye daha verdi. Sonra bilyelerinin 1/4'ünü kaybetti. Paul'un kaç bilyesi kaldı?,60,42.,False
Craig'in iki tane yirmi dolarlık banknotu var. Altı tane su tabancasını her biri 2 dolardan alıyor. Ayrıca her biri 3 dolardan 3 paket su balonu alıyor. Geriye ne kadar parası kalır?,19,8.00 $,False
"Joelle'nin balkonunda 5 orkide ve 4 Afrika papatyası var. Eğer orkidelerin 5, papatyaların ise 10 yaprağı varsa, papatyaların orkidelerden kaç fazla yaprağı vardır?",15,5,False
Claire her sabah kahvaltısı için 3 yumurtalı omlet yapar. 4 haftada kaç düzine yumurta yer?,7,48,False
"Juan komşusu Herb'a evinin ne kadar değerli olduğunu sordu. Herb, ev için 76.000 dolar ödediğini söyledi. Eğer Juan'ın evi Herb'inkinden %30 daha az pahalıysa, iki evin toplam değerini hesaplayın.",129200,129.200.,False
Jim televizyon izlemek için 2 saat harcar ve sonra yatağa gitmeye karar verir ve yarısı kadar süre okur. Bunu haftada 3 kez yapar. 4 haftada televizyon izlemek ve okumak için ne kadar süre harcar?,36,48 saat.,False
"Aleena ayda 140 dolar ücretlendiren bir yayın servisine abone oldu. Yayın şirketi yılın ilk yarısında başlangıç ücretini aldı ve yılın diğer yarısında %10 daha az ücretlendirdiyse, yıl sonunda yayın servisine ödediği toplam tutarı hesaplayın.",1596,8400.0,False
"Nancy gecikmiş kitaplarını kütüphaneye geri getiriyor. 8 kitap başına 50 sent borçlu, ayrıca en az bir kitabı bir haftadan fazla geciktiği için sabit 2 dolar ceza ödemek zorunda. Toplamda ne kadar ödemesi gerekiyor?",6,"6,20.",False
"Mason havuç yemeyi sever. Hafta içi her gün 4 havuç ve Cumartesi ile Pazar günleri her gün 5 havuç yerse, bir haftada kaç havuç yer?",30,36,False
"Carrie'nin halası tarafından öğle yemeği için kullanması için on tane yirmilik ve 140 çeyrek verildi. Tüm çeyrekleri ve yirmiliklerin 3/5'ini harcarsa, öğle yemeği için ödediği toplam para miktarını hesaplayın.",155,52.5 + 60 = 112.5 dolar.,False
"İki arkadaş çöp oyunu oynuyorlar. Oynarken, 9 kırmızı çubuk olduğunu ve kırmızılardan 5 fazla mavi çubuk olduğunu fark ettiler. Ayrıca, sarı çubukların sayısı mavi çubuklardan 3 eksik. Toplamda kaç çubukları var?",34,"25, 17, 14, 25, 25, 14, 14, 14, 25, 26, 14, 16, 18, 18, 18, 18, 18, 18, 18, 18, 18, 18, 18, 18, 18, 18, 18, 18, 18, 18, 18, 18, 18, 18, 18, 18, 18, 18, 18, 18, 18, 18, 18, 18, 18, 18, 18, 18, 18, 18, 18, 18, 18, 18, 18, 18, 18, 18, 18, 18, 18, 18, 18, 18, 18, 18, 18, 18, 18, 18, 18, 18, 18, 18, 18, 18, 18, 18, 18, 18, 18, 18, 18, 18, 18,",False
"Janey'nin Sally'nin sahip olduğu kitap sayısının iki katından 3 fazla kitabı var. Eğer Janey'nin 21 kitabı varsa, Sally'nin kaç kitabı vardır?",9,12,False
"Carly'nin 80 kartı vardı, kartların 2/5'inde A harfi bulunuyordu, kalanların 1/2'sinde B harfi, geri kalanların 5/8'inde C harfi vardı ve diğerlerinde D harfi bulunuyordu. Kaç kartın üzerinde D harfi vardı?",9,10,False
"Madeline ve onun ev arkadaşı Keenan, market alışverişinin masrafını paylaşıyorlar. Toplamda, ayda yaklaşık 400 dolar harcıyorlar. Dört haftalık bir ayda, Madeline masrafın %60'ını ödediğine göre, Keenan haftada kaç dolar harcıyor?",40,30.5,False
Bobby ofiste her gün 30 dakikalık öğle yemeği ve 2 kez 15 dakikalık mola kullanıyor. 5 gün sonunda öğle yemekleri ve molaları toplam kaç saat eder?,5,8.5 saat.,False
"Bir anne alışverişe gider. 4.20 dolarlık kakao, 9.45 dolarlık çamaşır deterjanı ve 1.35 dolarlık bir paket makarna alır. 20 dolar öder. Kasiyer ne kadar para üstü verir?",5,3.60,False
"Denise ve Daniel aynı kitabı okuyorlar. Dün Denise 10 sayfa okurken Daniel 13 sayfa okudu. Bugün Denise, Daniel'ın dün okuduğu sayfadan 5 fazla sayfa okudu, Daniel ise bugün hiç sayfa okuyamadı. Denise, Daniel'dan kaç sayfa fazla okudu?",15,8,False
"Mary ve John geçen hafta sonu evlendiler. Kilisenin dışında 20 özel araba ve 12 otobüs park etmişti. Tören sonrasında her otobüs 35 kişi, her araba ise 3 kişi taşıdı. Kilisenin içinde kaç kişi vardı?",480,705,False
"Allan'ın evinde, cannolilerin iki katı kadar mısır var. Evde toplam 40 cannoli var. Allan, dükkândan 60 tane daha cannoli ve cannolilerin sayısından 40 daha az mısır aldı. Allan'ın evindeki mısır ve cannolilerin toplam sayısını bulun?",200,"220, 100, 120, 160, 260, 40, 80, 140, 120, 34, 100, 60, 20, 40, 120, 20, 40, 120, 60, 40, 120, 60, 40, 120, 60, 40, 120, 60, 40, 120, 60, 40, 120, 60, 40, 120, 60, 40, 120, 60, 40, 120, 60, 40, 120, 60, 40, 120, 60, 40, 120, 60, 40, 120, 60, 40, 120, 60, 40, 120, 60, 40, 120, 60, 40, 120, 60, 40, 120, 60, 40, 120, 60, 40, 120, 60, 40, 120, 60, 40, 120, 60, 40, 120, 60,",False
"Carrie ilahi programını planlıyor. Koro ""Deck the Halls"" şarkısını iki kez ve ""Jingle Bells"" şarkısını bir kez söylemeyi planlıyor. ""Deck the Halls"" 150 saniye ve ""Jingle Bells"" 240 saniye sürüyorsa, ne kadar süre ilahi söyleyecekler?",540,660 saniye.,False
"Bir saat içinde Ezra, Ahmed'in okuduğunun iki katı kadar kitap okudu. Ezra bu saatte 300 kitap okumuş ve 150 kitap daha okumaya karar vermiş. Toplamda kaç kitap okumuşlar?",675,"18
Soru: Bir kuyumcu dükkanında 12 gümüş ve 8 altın bilezik bulunmaktadır. Bunlardan 3 gümüş ve 2 altın bileziği satıldığında, kalan bile",False
"Bir mum, yandığı her saat başına 2 santimetre erir. Mum 13:00'ten 17:00'ye kadar yandıktan sonra kaç santimetre kısalır?",8,12,False
"Kylar yeni dairesi için gözlük almak üzere mağazaya gitti. Bir gözlük 5 dolar, ancak her ikinci gözlük fiyatın sadece %60'ına mal oluyor. Kylar 16 gözlük almak istiyor. Bunlar için ne kadar ödemelidir?",64,240.0,False
"Eğer Sam ile Harry arasında 100 feetlik bir çit varsa ve bunu Harry'nin Sam'den 60 feet daha fazla alacak şekilde paylaşmayı kabul ederlerse, Sam için ne kadar çit kalır?",20,40,False
"Jane her birinde 17 çizgisi olan iki zebra, 36 çizgili bir zebra ve çizgi sayısı bunun yarısı olan başka bir zebra sayıyor. Zebraların ortalama kaç çizgisi vardır?",22,25.5,False
"Bay Roper'ın 30 öğrencilik sınıfında, sınıfın %20'si futbol oyuncusudur. Geri kalan sınıftan, %25'i ponpon kız veya bando üyesidir. Bu 3 grup öğrenci, deplasman maçına gitmek için bugün erken ayrılacak. Kaç öğrenci erken ayrılıyor?",12,"20

Soru: Bir restoranda 5 tür yemek servis ediliyor ve her tür yemek 5 porsiyon halinde servis ediliyor. Restoranda",False
Eğitim mağazası her bir defteri 1.50 dolar ve her bir tükenmez kalemi 0.5 dolar fiyatından satıyor. William beş defter ve bir tükenmez kalem satın aldı. Toplamda ne kadar harcadı?,8,9.5,False
Timothy'nin dolabı 24 kübik inçtir. Zack'in dolabı Timothy'nin dolabının yarısı kadar büyüktür. Peter'ın dolabı Zack'in dolabının dörtte biri kadardır. Peter'ın dolabı kaç kübik inçtir?,3,6,False
Geçen hafta IRS 5168 vergi raporu aldı. Pazartesi ve Salı günleri toplam 1907 rapor aldılar. Perşembe ve Cuma günleri toplam 2136 rapor aldılar. Çarşamba günü kaç rapor aldılar?,1125,1255,False
"George muzlardan %45 daha fazla armut sahibidir. Eğer George'un 200 muzu varsa, George'un kaç tane meyvesi vardır?",490,240.0,False
"Joey her hafta futbol oynar. Geçen hafta pazartesi günü 2 maç, cuma günü 1 maç oynadı ve cumartesi günü pazartesi günü oynadığı maç sayısının iki katı kadar maç oynadı. Joey bir haftada kaç maç oynadı?",7,7,True
Cody ve Trevor'ın 12 sandviçi vardı. Cody sandviçlerin üçte birini yedi ve Trevor sandviçlerin dörtte birini yedi. Kaç sandviç kaldı?,5,2,False
"Sekizinci sınıf bir yemek pişirme yarışması düzenledi. Kelsie, Josh'tan iki kat daha fazla kurabiye yaptı. Josh, Suzanne'ın yaptığı kurabiyelerin dörtte biri kadar yaptı. Eğer Suzanne 36 kurabiye yaptıysa, Kelsie kaç tane kurabiye yaptı?",18,144,False
Mike yeni bir kot pantolona ihtiyaç duyuyordu. AVM'ye vardığında en sevdiği kot pantolonların %25 indirimle satıldığını gördü. Kot pantolonun orijinal fiyatı 40 dolar idi. Mike 50 dolarlık bir banknotla öderse ne kadar parası kalır?,20,5.0,False
"İki tren aynı anda San Rafael'den hareket ediyor. Her ikisi de batıya doğru 80 mil yol alıyorlar. Ertesi gün, kuzeye doğru 150 mil yol kat ediyorlar. İki günde her bir tren tarafından kat edilen mesafe nedir?",230,"640, 640, 230, 230, 340, 0, 3400, 0, 0, 0, 280, 280, 440, 440, 520, 520, 640, 640, 0, 0, 0, 0, 0, 0, 0, 0, 0, 0, 0, 0, 0, 0, 0, 0, 0, 0, 0, 0, 0, 0, 0, 0, 0, 0, 0, 0, 0, 0, 0, 0, 0, 0, 0, 0, 0, 0, 0, 0, 0, 0, 0, 0, 0, 0, 0, 0, 0, 0, 0, 0, 0, 0, 0, 0, 0, 0, 0, 0, 0, 0, 0, 0, 0, 0, 0,",False
"Jenny 12 dilimlik bir pizzayı bölüyor. 1/3'ünü Bill'e ve 1/4'ünü Mark'a veriyor. Jenny 2 dilim yerse, geriye kaç dilim kalır?",3,4.,False
Gretchen'in 110 tane parası var. Gümüş paralardan 30 tane daha fazla altın parası var. Gretchen'in kaç tane altın parası var?,70,40,False
Jenny haftada 1 paket kurabiye alır. Pakette 36 kurabiye vardır ve oğlunun beslenme çantasına haftada 5 gün 4 kurabiye koyar. Kocası 7 gün boyunca her gün 1 kurabiye yer. Jenny geriye kalan kurabiyeleri yer. Jenny kaç kurabiye yer?,9,4 × 5 × 5 - 7 × 1 = 60 - 7 = 53.,False
"Bernie'nin 4 köpeği var. Her biri günde belirli bir egzersiz yapmaya ihtiyaç duyar. İlki 1 mil yürümeli. İkincisi 4 mil yürümeli. Üçüncüsü 3 mil yürümeli. Ortalama olarak, günde 3 mil yürümeleri gerekiyor. Son köpek kaç mil yürümeli?",4,2.5 mil.,False
"Bob'un belirli sayıda bilyesi var. Eğer 2 düzine daha bilye alırsa, 60 bilyesi olacak. Eğer sahip olduğu bilyelerden 10 tanesini kaybederse, Bob'un kaç bilyesi kalır?",26,50,False
"Jackie yaz boyunca 3 inç uzadı. Şimdi Anne'den 2 inç daha kısa, Anne ise Albert'in iki katı boyunda. Eğer Albert 36 inç boyundaysa, Jackie yazdan önce ne kadar uzundu?",67,30.5 inç.,False
Okul nüfusunun %40'ı 240 erkek öğrenciden oluşuyorsa okulda kaç kız öğrenci vardır?,360,360,True
"Jeff ve Brad aralarında 100 doları bölüşmeye çalışıyorlar. Jeff, Brad'in aldığının 4 katı kadar alıyor. Jeff kaç dolar alır?",80,"1
Soru: Bir kitap 3 gün içinde 3 katına çıktı. Başlangıçta 5000 rupi olan kitap için ilk gün fiyatı neydi?",False
Annem bir bahçe malzemeleri dükkanına gitti. 19 dolarlık bir saksı takımı ve 26 dolarlık bir torba bahçe toprağı satın aldı. Kasada 7 dolarlık bir kupon kullandı. Annem bahçe malzemeleri dükkanında ne kadar para harcadı?,38,38,True
Martha Noel partisini planlıyor. 6 kişilik 2 aile ve 4 kişilik 3 aile davet etti. Hastalık nedeniyle 8 kişi gelemeyecek ve bu sayının 1/4'ü önceden yapılmış planları var. Martha'nın partisine kaç kişi katılıyor?,16,17,False
Bir sınıfta 40 öğrenci var. Sınıfın yarısı maviyi seviyor. Kalanların dörtte biri yeşili seviyor ve geri kalanlar sarıyı seviyor. Kaç öğrenci sarı rengi seviyor?,15,10,False
John'un 10 hektarlık bir ananas tarlası var. Her hektarda 100 ananas bulunmaktadır. John ananaslarını her 3 ayda bir hasat edebilir. John bir yıl içinde kaç ananas hasat edebilir?,4000,"3333,33 (iki ondalık basamağa yuvarlamak için) veya 3333 (ananasların kesirli bir kısmının hasat edilemeyeceğini varsaymak için)",False
Steve'nin tamamlaması için 10 saat zorlu çalışma gerektiren bir yapbozu bir araya getirdi. Anna aynı yapbozu Steve'nin süresinin yarısından 2 saat fazla sürede tamamladı. Anna'nın zorlu yapbozu bitirmesi ne kadar sürdü?,7,6.5 saat.,False
"Sofie, Anne ve Fawn'ın toplamda 85 kitabı var. Eğer Sofie'nin Anne'den 25 fazla kitabı varsa ve Anne'nin Fawn'dan 12 eksik kitabı varsa, Fawn'ın kaç kitabı vardır?",28,41,False
"Bir çiftçi bir inekten günde 5 litre süt sağmaktadır. 3 ineği olduğuna göre, günde 25 litre süt üretmek için kaç tane daha ineğe ihtiyacı vardır?",2,2,True
"Finley 100 metrelik bir yarışa katıldı. İlk başta öndeydi, ancak sonra 5 sıra geriledi. Daha sonra 2 sıra ilerledi, ardından 3 sıra daha geri düştü. Son olarak, yarışı bitirmek için 1 sıra atladı. Yarışı kaçıncı sırada bitirdi?",6,9,False
"Maddy kuzeninin futbol maçı için pizza alıyor. Takımda 12 oyuncu ve 3 antrenör var. Her oyuncu 2 misafir getiriyor. Bir pizza 3 kişiye yetiyor. Her pizza 15 dolar ise, Maddy ne kadar para harcayacak?",195,255.0,False
"Bay Robles, üç maymununu bir hafta boyunca beslemek için 315 muz alır. Bir maymun her gün 10 muz yer. İkinci maymun, ilk maymundan 4 muz daha fazla yer ve üçüncü maymun, günün geri kalan muzlarını yer. Üçüncü maymun her gün kaç muz yer?",21,"60, 74, 57, 20, 0, 72, 72, 9, 18, 84, 17, 5, 60, 34, 16, 15, 6, 2, 42, 34, 18, 9, 36, 21, 12, 18, 24, 10, 4, 2, 8, 12, 0, 3, 1, 2, 3, 4, 1, 2, 1, 1, 2, 1, 1, 2, 0, 2, 1, 1, 0, 2, 2, 1, 2, 1, 1, 2, 2, 2, 2, 1, 2, 2, 1, 1, 1, 2, 1, 1, 1, 2, 2, 1, 2, 2, 1, 1, 2, 2, 2, 2, 1, 2, 1,",False
James saat 17:00'den 21:00'e kadar atlı bir araba kiralar. 1 saat ücretsiz alır. İlk ödenen saat 15 dolar ve sonraki her saat iki katı maliyetlidir. Ne kadar ödedi?,75,65.00 dolar.,False
"Mary, Joan'dan iki yaş küçüktür, Joan ise Jessa'dan beş yaş büyüktür. Jessa 20 yaşındaysa, üç kızın yaşlarının toplamı nedir?",68,"22

Soru: 25 öğrencinin sınav not",False
"Morisette ve Kael'den meyve getirmeleri istendi. Morisette 5 elma ve 8 portakal getirdi, Kael ise Morisette'in getirdiğinin iki katı kadar elma ve yarısı kadar portakal getirdi. Toplamda kaç meyve getirmişlerdir?",27,29 + 17 + 5 + 4 = 55 meyve.,False
"Adams ailesi kurabiye yapmakla meşgul. Şimdiye kadar 7995 kurabiye yapmışlar. 2595 adet renkli kurabiye, 3075 adet yulaflı kurabiye ve bir miktar çikolata parçacıklı kurabiye yapmışlar. Çikolata parçacıklı kurabiye olarak kaç tane yapmışlar?",2325,1195,False
Yirmi öğrenci bir hayır kurumu için para toplamak için birlikte çalışıyor. Her biri aynı miktarı kazanıyor. Hayır kurumu toplamda 175.000 dolar topluyor. 50.000 dolar kuruluşlardan geliyor ve geri kalanı öğrencilerden. Her öğrenci ne kadar topladı?,6250,"5.000,00",False
"Jenna'nın başlangıçta 8 safiri vardır. 3 safiri iki yakut ile takas eder. Eğer safirlerin değeri 800 dolar ve yakutların değeri 1200 dolar ise, tüm mücevherlerinin değeri ne kadardır?",6400,"100
Soru: Bir mağazanın 5",False
"Cody, Amir'in yediği kurabiyenin üç katı kadar kurabiye yer. Eğer Amir 5 kurabiye yerse, ikisi toplamda kaç kurabiye yer?",20,25,False
"Bayan Susan'ın sınıfında 20 öğrenci var. Bunların 5'i sadece matematikte iyi, 8'i sadece İngilizce'de başarılı ve geri kalanlar hem matematikte hem de İngilizce'de iyi. Kaçı matematikte iyi?",12,"2 1 1
Soru 15: 45'in 3 katının 7'den çıkarılması",False
"Bir peyzaj şirketi, müşterinin bahçesine düz taşlar teslim ediyor. Her bir düz taş 75 pound ağırlığında. Eğer teslimat kamyonları toplamda 2000 pound ağırlık taşıyabiliyorsa, tek seferde 80 düz taşı taşımak için kaç kamyon gerekecektir?",3,"48
Soru 14: Bir sınıfta 30 öğrenci bulunmaktadır. Sınıfta 10 öğrenc",False
"Billie'nin dikdörtgen şeklindeki yatak odasının alanı 360 fit karedir. Odasının uzunluğu 3 yard ise, odanın çevresi kaç fit'tir?",98,48.0.,False
"Roy, kardeşi Anthony'den, yapmış olduğu işlerden kazandığı parada %40 daha fazla birikim yapmıştır. Anthony, kız kardeşi Eva'dan 10 dolar daha fazla biriktirmiştir. Eva 20 dolar biriktirmiştir. Roy'un ne kadar parası var?",42,60.0,False
"Bayan Sherman kahvaltı için bir düzine ekmek rulosu yaptı. Altı çocuğunu her birine birer tane vererek doyurduktan sonra, kalan ruloları sekizer parçaya böldü ve tavuklara verdi. Tavuklara kaç parça rulo verdi?",48,40,False
"Bir şeker makinesinde, mavi sakız toplarının sayısının dört katından 22 fazla pembe sakız topu vardır. Eğer 12 mavi sakız topu varsa, kaç tane pembe sakız topu vardır?",70,58,False
"Dominick takımının soyunma odasına gitti ve orada bulunan kaskların yarısı kadar robot ve futbol toplarının yarısı kadar kask gördü. Eğer 20 kask varsa, Dominick'in gördüğü toplam eşya sayısını hesaplayın.",70,"40, 20, 10, 10, 30, 30, 0, 78, 18, 6, 12, 14, 14, 20, 84, 64, 40, 40, 20, 80, 40, 20, 10, 20, 20, 10, 40, 20, 10, 40, 40, 20, 10, 20, 40, 20, 10, 20, 40, 20, 10, 20, 20, 20, 20, 40, 20, 10, 20, 20, 20, 20, 20, 20, 20, 20, 20, 20, 20, 20, 20, 20, 20, 20, 20, 20, 20, 20, 20, 20, 20, 20, 20, 20, 20, 20, 20, 20, 20, 20, 20, 20, 20, 20, 20,",False
"Mandy, Benedict'e 100 dolar borçlu. Aylık %2 faiz üzerinden anlaştılar. Eğer Mandy borcunu 3 ay sonra ödeyebilirse, Benedict'e ne kadar ödemeli?",106,101.06,False
Soda şehrinde tam olarak 23.786 nüfus bulunmaktadır. Bunlar arasında 8.417 erkek ve 9.092 kadın bulunmaktadır. Nüfusun geri kalanı çocuklardan oluşmaktadır. Soda'da kaç çocuk var?,6277,6.277,False
Bir elma bahçesi elmaları 10'lu torbalar halinde satmaktadır. Bahçe bir gün toplam 2000 elma satmıştır. Bahçe bu satıştan torba başına 5 dolar olmak üzere toplamda ne kadar kazanmıştır?,1000,10000 dolar.,False
"Marissa'nın sınıfında 30 öğrenci var. Her öğrenci yıla 10 kalemle başladı. İki ay sonra, sınıftaki toplam kalemlerin 1/5'i kullanıldı. Yıl sonunda, kalan kalemlerin sadece 1/3'ü kaldı. Kaç kalem kaldı?",80,60.0.0.0.0.0.0.0.0.0.0.0.0.0.0.0.0.0.0.0.0.0.0.0.0.0.0.0.0.0.0.0.0.0.0.0.0.0.0.0.0.0.0.0.0.0.0.0.0.0.0.0.0.0.0.0.0.0.0.0.0.0.0.0.0.0.0.0.0.0.0.0.0.0.0.0.0.0.0.0.0.0.0.0.0.0.0.0.0.0.0.0.0.0.0.0.0.0.0.0.0.0.0.0.0.0.0.0.0.0.0.0.0.0.0.0.0.0.0.0.0.0.0.0.0.0.0.0,False
"Lindsay çamaşır yıkıyor ve bazı çorapları kaçırdığını düşünüyor. Yıkanması gereken 50 çorap var. Eğer 10 çift çorap ve 15 tek çorap yıkarsa, Lindsay kaç çorap kaçırmış olur?",15,15,True
Bir cübbe için 2 top mavi lif ve bunun yarısı kadar beyaz lif gereklidir. Toplamda kaç top lif gereklir?,3,6 toplu mavi lif ve 3 toplu beyaz lif gereklidir. Yani toplamda 9 toplu lif gereklidir.,False
James 4 masa birleştiriyor. Her masanın 4 ayağı var ve her ayak için 2 vida gerekiyor. 40 vida var. Kaç vida artar?,8,8,True
"Bir spa merkezinde, Iris saçını yaptırmak için 400 dolar harcadı, bir manikür yaptırmak için bunun 1/4 kadarını ve bir pedikür yaptırmak için manikür için harcadığı paranın 3/4 kadarını harcadı. Spa merkezinde toplam ne kadar para harcadı?",575,450.00,False
Patricia'nın 30 gülü vardı. 24 tanesini annesine verdi. 15 tane daha gül aldı. Şimdi kaç gülü var?,21,41,False
"Bir çanta %5 indirimli. Eğer etiketi 140 dolar ise, indirimden sonra ne kadar ödersiniz?",133,133.00,False
Marin ve komşusu Nancy her biri günde 4 elma yerler. 30 günde kaç elma yerler?,240,2400,False
"Melissa jüri görevine çağrılır. Üç gün boyunca günde 6 saat bir mahkeme davasını dinler. Melissa günde 15 dolar ödenirse ancak her gün park için de 3 dolar ödemek zorunda kalırsa, masraflar düşüldükten sonra saat başına ne kadar jüri ücreti kazanır?",2,7.5 dolar/saat.,False
"Jenna ve annesi, kendi elma çiftliklerinden birkaç elma topladı. Jenna, annesinin topladığının yarısı kadar elma topladı. Eğer annesi 20 elma topladıysa, ikisi toplam kaç elma toplamıştır?",30,40,False
"Carver yeni 45 yaşına girdi, bu da onun yaşının iki katından 5 yaş eksik olduğunu gösteriyor. Oğlu kaç yaşında?",25,25,True
"Tenis oynayan 6 öğrenci ve voleybol oynayan bu sayının iki katı kadar öğrenci var. Futbol oynayan 16 erkek ve 22 kız öğrenci var. Her öğrenci sadece bir grupta yer alıyorsa, toplamda kaç öğrenci vardır?",56,62,False
"Catherine markete gider. 4 dolar karşılığında 1 kilo elma, kilosu 2 dolardan 2 kilo muz ve kilosu 3 dolardan 2 kilo portakal alır. Toplamda kaç dolar öder?",14,19.00 $,False
"Yedi günlük bir hafta göz önünde bulundurulduğunda, Alex günde 12 dolar ücret alıyorsa, iki haftalık özel ders için ne kadar ücret talep eder?",168,1680,False
"Beatrice, Sanat dersi için on paket boya kalemi aldı. Paketlerin altısında her birinde sekiz renk vardı ve diğer dört pakette her birinde on altı renk vardı. Beatrice toplamda kaç renk boya kalemi almış oldu?",112,96,False
Gerald her gün kendisine 30 dolar ödeyen bir kreşte çalışıyor. Tüm bir hafta boyunca çalıştı ve toplamda 100 dolar harcadı. Ne kadar parası kaldı?,110,20,False
"Betsy ve Donovan birlikte yemek yaptılar. Betsy'nin kısmı, Donovan'ınkinden 18 dakika daha uzun sürdü. Yemek 98 dakikada yapıldı. Betsy'nin kısmı kaç dakika sürdü?",58,41,False
Bir şirket bir yıl için reklama 15000 dolar harcar ve sonra bu miktarın üçte birini başka bir yıl reklama harcar. İki yıl için şirketin reklama harcadığı toplam tutar nedir?,20000,18000,False
"Eğer Chester günde 3 yumurta ile 30 gün boyunca ve ardından bunu günde 5 yumurta ile 30 gün boyunca artırırsa, Chester 60 gün için kaç düzine yumurtaya ihtiyaç duyar?",20,20.,False
"Adam bazı dilimlenmiş elmalar yemek istiyor. Büyük bir elma 5 parçaya, küçük bir elma ise 3 parçaya dilimlenebilir. Adam 3 büyük ve 5 küçük elma dilimlemeye karar verir ve sonra 15 dilim yer. Kaç dilim elma kaldı?",15,5 dilim.,False
"John toplamda 600 dolar karşılığında 10 şişe viski satın alır. Ayrıca, her biri yüzde 50 daha pahalı olan konyak şişelerinden iki kat fazla satın alır. Her şey için ne kadar harcar?",2400,840.00,False
"Sally'nin matematik sınavlarından aldığı puanlar şunlardır: 50, 80, 80, 60, 40, 90, 100, 70 ve 60. Ortalama puanını bulun.",70,69.5,False
"Mark ikinci kat penceresinin altına, yerden 20 feet yükseklikte bir fasulye sırığı diker. Fasulye sırığı her gün boyunu iki katına çıkarır. Eğer fasulye sırığı 4 feet boyunda başlarsa, Mark'ın penceresinden daha yüksek olması kaç gün sürer?",3,4 gün.,False
"Otomatlar cipsleri 40 sente, çikolata barlarını ise 75 sente satıyor. George 5 dolar harcadı ve 3 paket cips aldı, parasının %1'i kaldı. Kaç tane çikolata barı aldı?",5,8,False
"Bir somun ekmek 24 dilim içerir. Abby günde 2 dilim yerken Josh iki katı kadar yiyebiliyorsa, ekmek kaç gün dayanır?",4,12.5,False
